spp-f0 ; 5 ; 0
spp-f0 ; 5 ; 0
spp-f0 ; 5 ; 0
spp-f0 ; 5 ; 0
spp-f0 ; 5 ; 0
spp-f0 ; 5 ; 0
spp-f0 ; 5 ; 0
spp-f0 ; 5 ; 0
spp-f0 ; 5 ; 0
spp-f0 ; 5 ; 0
spp-f0 ; 5 ; 0
spp-f0 ; 5 ; 0
spp-f0 ; 5 ; 0
spp-f0 ; 5 ; 0
spp-f0 ; 5 ; 0
spp-f0 ; 5 ; 0
spp-f0 ; 5 ; 0
spp-f0 ; 5 ; 0
spp-f0 ; 5 ; 0
spp-f0 ; 5 ; 0
spp-f0 ; 5 ; 0
spp-f0 ; 5 ; 0
spp-f0 ; 5 ; 0
spp-f0 ; 5 ; 0
spp-f0 ; 5 ; 0
spp-f0 ; 5 ; 0
spp-f0 ; 5 ; 0
spp-f0 ; 5 ; 0
spp-f0 ; 5 ; 0
spp-f0 ; 5 ; 0
spp-f0 ; 5 ; 0
spp-f0 ; 5 ; 0
spp-f0 ; 5 ; 0
spp-f0 ; 5 ; 0
spp-f0 ; 5 ; 0
spp-f0 ; 5 ; 0
spp-f0 ; 5 ; 0
spp-f0 ; 5 ; 0
spp-f0 ; 5 ; 0
spp-f0 ; 5 ; 0
spp-f0 ; 5 ; 0
spp-f0 ; 5 ; 0
spp-f0 ; 5 ; 0
spp-f0 ; 5 ; 0
spp-f0 ; 5 ; 0
spp-f0 ; 5 ; 0
spp-f0 ; 5 ; 0
spp-f0 ; 5 ; 0
spp-f0 ; 5 ; 0
spp-f0 ; 5 ; 0
spp-f0 ; 5 ; 0
spp-f0 ; 5 ; 0
spp-f0 ; 5 ; 0
spp-f0 ; 5 ; 0
spp-f0 ; 5 ; 0
spp-f0 ; 5 ; 0
spp-f0 ; 5 ; 0
spp-f0 ; 5 ; 0
spp-f0 ; 5 ; 0
spp-f0 ; 5 ; 0
spp-f0 ; 5 ; 0
spp-f0 ; 5 ; 0
spp-f0 ; 5 ; 0
spp-f0 ; 5 ; 0
spp-f0 ; 5 ; 0
spp-f0 ; 5 ; 0
spp-f0 ; 5 ; 0
spp-f0 ; 5 ; 0
spp-f0 ; 5 ; 0
spp-f0 ; 5 ; 0
spp-f0 ; 5 ; 0
spp-f0 ; 5 ; 0
spp-f0 ; 5 ; 0
spp-f0 ; 5 ; 0
spp-f0 ; 5 ; 0
spp-f0 ; 5 ; 0
spp-f0 ; 5 ; 0
spp-f0 ; 5 ; 0
spp-f0 ; 5 ; 0
spp-f0 ; 5 ; 0
spp-f0 ; 5 ; 0
spp-f0 ; 5 ; 0
spp-f0 ; 5 ; 0
spp-f0 ; 5 ; 0
spp-f0 ; 5 ; 0
spp-f0 ; 5 ; 0
spp-f0 ; 5 ; 0
spp-f0 ; 5 ; 0
spp-f0 ; 5 ; 0
spp-f0 ; 5 ; 0
spp-f0 ; 5 ; 0
spp-f0 ; 5 ; 0
spp-f0 ; 5 ; 0
spp-f0 ; 5 ; 0
spp-f0 ; 5 ; 0
spp-f0 ; 5 ; 0
spp-f0 ; 5 ; 0
spp-f0 ; 5 ; 0
spp-f0 ; 5 ; 0
spp-f0 ; 5 ; 0
spp-f0 ; 10 ; 0.1
spp-f0 ; 10 ; 0.1
spp-f0 ; 10 ; 0.1
spp-f0 ; 10 ; 0.1
spp-f0 ; 10 ; 0.1
spp-f0 ; 10 ; 0.1
spp-f0 ; 10 ; 0.1
spp-f0 ; 10 ; 0.1
spp-f0 ; 10 ; 0.1
spp-f0 ; 10 ; 0.1
spp-f0 ; 10 ; 0.1
spp-f0 ; 10 ; 0.1
spp-f0 ; 10 ; 0.1
spp-f0 ; 10 ; 0.1
spp-f0 ; 10 ; 0.1
spp-f0 ; 10 ; 0.1
spp-f0 ; 10 ; 0.1
spp-f0 ; 10 ; 0.1
spp-f0 ; 10 ; 0.1
spp-f0 ; 10 ; 0.1
spp-f0 ; 10 ; 0.1
spp-f0 ; 10 ; 0.1
spp-f0 ; 10 ; 0.1
spp-f0 ; 10 ; 0.1
spp-f0 ; 10 ; 0.1
spp-f0 ; 10 ; 0.1
spp-f0 ; 10 ; 0.1
spp-f0 ; 10 ; 0.1
spp-f0 ; 10 ; 0.1
spp-f0 ; 10 ; 0.1
spp-f0 ; 10 ; 0.1
spp-f0 ; 10 ; 0.1
spp-f0 ; 10 ; 0.1
spp-f0 ; 10 ; 0.1
spp-f0 ; 10 ; 0.1
spp-f0 ; 10 ; 0.1
spp-f0 ; 10 ; 0.1
spp-f0 ; 10 ; 0.1
spp-f0 ; 10 ; 0.1
spp-f0 ; 10 ; 0.1
spp-f0 ; 10 ; 0.1
spp-f0 ; 10 ; 0.1
spp-f0 ; 10 ; 0.1
spp-f0 ; 10 ; 0.1
spp-f0 ; 10 ; 0.1
spp-f0 ; 10 ; 0.1
spp-f0 ; 10 ; 0.1
spp-f0 ; 10 ; 0.1
spp-f0 ; 10 ; 0.1
spp-f0 ; 10 ; 0.1
spp-f0 ; 10 ; 0.1
spp-f0 ; 10 ; 0.1
spp-f0 ; 10 ; 0.1
spp-f0 ; 10 ; 0.1
spp-f0 ; 10 ; 0.1
spp-f0 ; 10 ; 0.1
spp-f0 ; 10 ; 0.1
spp-f0 ; 10 ; 0.1
spp-f0 ; 10 ; 0.1
spp-f0 ; 10 ; 0.1
spp-f0 ; 10 ; 0.1
spp-f0 ; 10 ; 0.1
spp-f0 ; 10 ; 0.1
spp-f0 ; 10 ; 0.1
spp-f0 ; 10 ; 0.1
spp-f0 ; 10 ; 0.1
spp-f0 ; 10 ; 0.1
spp-f0 ; 10 ; 0.1
spp-f0 ; 10 ; 0.1
spp-f0 ; 10 ; 0.1
spp-f0 ; 10 ; 0.1
spp-f0 ; 10 ; 0.1
spp-f0 ; 10 ; 0.1
spp-f0 ; 10 ; 0.1
spp-f0 ; 10 ; 0.1
spp-f0 ; 10 ; 0.1
spp-f0 ; 10 ; 0.1
spp-f0 ; 10 ; 0.1
spp-f0 ; 10 ; 0.1
spp-f0 ; 10 ; 0.1
spp-f0 ; 10 ; 0.1
spp-f0 ; 10 ; 0.1
spp-f0 ; 10 ; 0.1
spp-f0 ; 10 ; 0.1
spp-f0 ; 10 ; 0.1
spp-f0 ; 10 ; 0.1
spp-f0 ; 10 ; 0.1
spp-f0 ; 10 ; 0.1
spp-f0 ; 10 ; 0.1
spp-f0 ; 10 ; 0.1
spp-f0 ; 10 ; 0.1
spp-f0 ; 10 ; 0.1
spp-f0 ; 10 ; 0.1
spp-f0 ; 10 ; 0.1
spp-f0 ; 10 ; 0.1
spp-f0 ; 10 ; 0.1
spp-f0 ; 10 ; 0.1
spp-f0 ; 10 ; 0.1
spp-f0 ; 10 ; 0.1
spp-f0 ; 10 ; 0.1
spp-f0 ; 15 ; 0.133333
spp-f0 ; 15 ; 0.133333
spp-f0 ; 15 ; 0.133333
spp-f0 ; 15 ; 0.133333
spp-f0 ; 15 ; 0.133333
spp-f0 ; 15 ; 0.133333
spp-f0 ; 15 ; 0.133333
spp-f0 ; 15 ; 0.133333
spp-f0 ; 15 ; 0.133333
spp-f0 ; 15 ; 0.133333
spp-f0 ; 15 ; 0.133333
spp-f0 ; 15 ; 0.133333
spp-f0 ; 15 ; 0.133333
spp-f0 ; 15 ; 0.133333
spp-f0 ; 15 ; 0.133333
spp-f0 ; 15 ; 0.133333
spp-f0 ; 15 ; 0.133333
spp-f0 ; 15 ; 0.133333
spp-f0 ; 15 ; 0.133333
spp-f0 ; 15 ; 0.133333
spp-f0 ; 15 ; 0.133333
spp-f0 ; 15 ; 0.133333
spp-f0 ; 15 ; 0.133333
spp-f0 ; 15 ; 0.133333
spp-f0 ; 15 ; 0.133333
spp-f0 ; 15 ; 0.133333
spp-f0 ; 15 ; 0.133333
spp-f0 ; 15 ; 0.133333
spp-f0 ; 15 ; 0.133333
spp-f0 ; 15 ; 0.133333
spp-f0 ; 15 ; 0.133333
spp-f0 ; 15 ; 0.133333
spp-f0 ; 15 ; 0.133333
spp-f0 ; 15 ; 0.133333
spp-f0 ; 15 ; 0.133333
spp-f0 ; 15 ; 0.133333
spp-f0 ; 15 ; 0.133333
spp-f0 ; 15 ; 0.133333
spp-f0 ; 15 ; 0.133333
spp-f0 ; 15 ; 0.133333
spp-f0 ; 15 ; 0.133333
spp-f0 ; 15 ; 0.133333
spp-f0 ; 15 ; 0.133333
spp-f0 ; 15 ; 0.133333
spp-f0 ; 15 ; 0.133333
spp-f0 ; 15 ; 0.133333
spp-f0 ; 15 ; 0.133333
spp-f0 ; 15 ; 0.133333
spp-f0 ; 15 ; 0.133333
spp-f0 ; 15 ; 0.133333
spp-f0 ; 15 ; 0.133333
spp-f0 ; 15 ; 0.133333
spp-f0 ; 15 ; 0.133333
spp-f0 ; 15 ; 0.133333
spp-f0 ; 15 ; 0.133333
spp-f0 ; 15 ; 0.133333
spp-f0 ; 15 ; 0.133333
spp-f0 ; 15 ; 0.133333
spp-f0 ; 15 ; 0.133333
spp-f0 ; 15 ; 0.133333
spp-f0 ; 15 ; 0.133333
spp-f0 ; 15 ; 0.133333
spp-f0 ; 15 ; 0.133333
spp-f0 ; 15 ; 0.133333
spp-f0 ; 15 ; 0.133333
spp-f0 ; 15 ; 0.133333
spp-f0 ; 15 ; 0.133333
spp-f0 ; 15 ; 0.133333
spp-f0 ; 15 ; 0.133333
spp-f0 ; 15 ; 0.133333
spp-f0 ; 15 ; 0.133333
spp-f0 ; 15 ; 0.133333
spp-f0 ; 15 ; 0.133333
spp-f0 ; 15 ; 0.133333
spp-f0 ; 15 ; 0.133333
spp-f0 ; 15 ; 0.133333
spp-f0 ; 15 ; 0.133333
spp-f0 ; 15 ; 0.133333
spp-f0 ; 15 ; 0.133333
spp-f0 ; 15 ; 0.133333
spp-f0 ; 15 ; 0.133333
spp-f0 ; 15 ; 0.133333
spp-f0 ; 15 ; 0.133333
spp-f0 ; 15 ; 0.133333
spp-f0 ; 15 ; 0.133333
spp-f0 ; 15 ; 0.133333
spp-f0 ; 15 ; 0.133333
spp-f0 ; 15 ; 0.133333
spp-f0 ; 15 ; 0.133333
spp-f0 ; 15 ; 0.133333
spp-f0 ; 15 ; 0.133333
spp-f0 ; 15 ; 0.133333
spp-f0 ; 15 ; 0.133333
spp-f0 ; 15 ; 0.133333
spp-f0 ; 15 ; 0.133333
spp-f0 ; 15 ; 0.133333
spp-f0 ; 15 ; 0.133333
spp-f0 ; 15 ; 0.133333
spp-f0 ; 15 ; 0.133333
spp-f0 ; 15 ; 0.133333
spp-f0 ; 20 ; 0.15
spp-f0 ; 20 ; 0.15
spp-f0 ; 20 ; 0.15
spp-f0 ; 20 ; 0.15
spp-f0 ; 20 ; 0.15
spp-f0 ; 20 ; 0.15
spp-f0 ; 20 ; 0.15
spp-f0 ; 20 ; 0.15
spp-f0 ; 20 ; 0.15
spp-f0 ; 20 ; 0.15
spp-f0 ; 20 ; 0.15
spp-f0 ; 20 ; 0.15
spp-f0 ; 20 ; 0.15
spp-f0 ; 20 ; 0.15
spp-f0 ; 20 ; 0.15
spp-f0 ; 20 ; 0.15
spp-f0 ; 20 ; 0.15
spp-f0 ; 20 ; 0.15
spp-f0 ; 20 ; 0.15
spp-f0 ; 20 ; 0.15
spp-f0 ; 20 ; 0.15
spp-f0 ; 20 ; 0.15
spp-f0 ; 20 ; 0.15
spp-f0 ; 20 ; 0.15
spp-f0 ; 20 ; 0.15
spp-f0 ; 20 ; 0.15
spp-f0 ; 20 ; 0.15
spp-f0 ; 20 ; 0.15
spp-f0 ; 20 ; 0.15
spp-f0 ; 20 ; 0.15
spp-f0 ; 20 ; 0.15
spp-f0 ; 20 ; 0.15
spp-f0 ; 20 ; 0.15
spp-f0 ; 20 ; 0.15
spp-f0 ; 20 ; 0.15
spp-f0 ; 20 ; 0.15
spp-f0 ; 20 ; 0.15
spp-f0 ; 20 ; 0.15
spp-f0 ; 20 ; 0.15
spp-f0 ; 20 ; 0.15
spp-f0 ; 20 ; 0.15
spp-f0 ; 20 ; 0.15
spp-f0 ; 20 ; 0.15
spp-f0 ; 20 ; 0.15
spp-f0 ; 20 ; 0.15
spp-f0 ; 20 ; 0.15
spp-f0 ; 20 ; 0.15
spp-f0 ; 20 ; 0.15
spp-f0 ; 20 ; 0.15
spp-f0 ; 20 ; 0.15
spp-f0 ; 20 ; 0.15
spp-f0 ; 20 ; 0.15
spp-f0 ; 20 ; 0.15
spp-f0 ; 20 ; 0.15
spp-f0 ; 20 ; 0.15
spp-f0 ; 20 ; 0.15
spp-f0 ; 20 ; 0.15
spp-f0 ; 20 ; 0.15
spp-f0 ; 20 ; 0.15
spp-f0 ; 20 ; 0.15
spp-f0 ; 20 ; 0.15
spp-f0 ; 20 ; 0.15
spp-f0 ; 20 ; 0.15
spp-f0 ; 20 ; 0.15
spp-f0 ; 20 ; 0.15
spp-f0 ; 20 ; 0.15
spp-f0 ; 20 ; 0.15
spp-f0 ; 20 ; 0.15
spp-f0 ; 20 ; 0.15
spp-f0 ; 20 ; 0.15
spp-f0 ; 20 ; 0.15
spp-f0 ; 20 ; 0.15
spp-f0 ; 20 ; 0.15
spp-f0 ; 20 ; 0.15
spp-f0 ; 20 ; 0.15
spp-f0 ; 20 ; 0.15
spp-f0 ; 20 ; 0.15
spp-f0 ; 20 ; 0.15
spp-f0 ; 20 ; 0.15
spp-f0 ; 20 ; 0.15
spp-f0 ; 20 ; 0.15
spp-f0 ; 20 ; 0.15
spp-f0 ; 20 ; 0.15
spp-f0 ; 20 ; 0.15
spp-f0 ; 20 ; 0.15
spp-f0 ; 20 ; 0.15
spp-f0 ; 20 ; 0.15
spp-f0 ; 20 ; 0.15
spp-f0 ; 20 ; 0.15
spp-f0 ; 20 ; 0.15
spp-f0 ; 20 ; 0.15
spp-f0 ; 20 ; 0.15
spp-f0 ; 20 ; 0.15
spp-f0 ; 20 ; 0.15
spp-f0 ; 20 ; 0.15
spp-f0 ; 20 ; 0.15
spp-f0 ; 20 ; 0.15
spp-f0 ; 20 ; 0.15
spp-f0 ; 20 ; 0.15
spp-f0 ; 20 ; 0.15
spp-f0 ; 25 ; 0.24
spp-f0 ; 25 ; 0.24
spp-f0 ; 25 ; 0.24
spp-f0 ; 25 ; 0.24
spp-f0 ; 25 ; 0.24
spp-f0 ; 25 ; 0.24
spp-f0 ; 25 ; 0.24
spp-f0 ; 25 ; 0.24
spp-f0 ; 25 ; 0.24
spp-f0 ; 25 ; 0.24
spp-f0 ; 25 ; 0.24
spp-f0 ; 25 ; 0.24
spp-f0 ; 25 ; 0.24
spp-f0 ; 25 ; 0.24
spp-f0 ; 25 ; 0.24
spp-f0 ; 25 ; 0.24
spp-f0 ; 25 ; 0.24
spp-f0 ; 25 ; 0.24
spp-f0 ; 25 ; 0.24
spp-f0 ; 25 ; 0.24
spp-f0 ; 25 ; 0.24
spp-f0 ; 25 ; 0.24
spp-f0 ; 25 ; 0.24
spp-f0 ; 25 ; 0.24
spp-f0 ; 25 ; 0.24
spp-f0 ; 25 ; 0.24
spp-f0 ; 25 ; 0.24
spp-f0 ; 25 ; 0.24
spp-f0 ; 25 ; 0.24
spp-f0 ; 25 ; 0.24
spp-f0 ; 25 ; 0.24
spp-f0 ; 25 ; 0.24
spp-f0 ; 25 ; 0.24
spp-f0 ; 25 ; 0.24
spp-f0 ; 25 ; 0.24
spp-f0 ; 25 ; 0.24
spp-f0 ; 25 ; 0.24
spp-f0 ; 25 ; 0.24
spp-f0 ; 25 ; 0.24
spp-f0 ; 25 ; 0.24
spp-f0 ; 25 ; 0.24
spp-f0 ; 25 ; 0.24
spp-f0 ; 25 ; 0.24
spp-f0 ; 25 ; 0.24
spp-f0 ; 25 ; 0.24
spp-f0 ; 25 ; 0.24
spp-f0 ; 25 ; 0.24
spp-f0 ; 25 ; 0.24
spp-f0 ; 25 ; 0.24
spp-f0 ; 25 ; 0.24
spp-f0 ; 25 ; 0.24
spp-f0 ; 25 ; 0.24
spp-f0 ; 25 ; 0.24
spp-f0 ; 25 ; 0.24
spp-f0 ; 25 ; 0.24
spp-f0 ; 25 ; 0.24
spp-f0 ; 25 ; 0.24
spp-f0 ; 25 ; 0.24
spp-f0 ; 25 ; 0.24
spp-f0 ; 25 ; 0.24
spp-f0 ; 25 ; 0.24
spp-f0 ; 25 ; 0.24
spp-f0 ; 25 ; 0.24
spp-f0 ; 25 ; 0.24
spp-f0 ; 25 ; 0.24
spp-f0 ; 25 ; 0.24
spp-f0 ; 25 ; 0.24
spp-f0 ; 25 ; 0.24
spp-f0 ; 25 ; 0.24
spp-f0 ; 25 ; 0.24
spp-f0 ; 25 ; 0.24
spp-f0 ; 25 ; 0.24
spp-f0 ; 25 ; 0.24
spp-f0 ; 25 ; 0.24
spp-f0 ; 25 ; 0.24
spp-f0 ; 25 ; 0.24
spp-f0 ; 25 ; 0.24
spp-f0 ; 25 ; 0.24
spp-f0 ; 25 ; 0.24
spp-f0 ; 25 ; 0.24
spp-f0 ; 25 ; 0.24
spp-f0 ; 25 ; 0.24
spp-f0 ; 25 ; 0.24
spp-f0 ; 25 ; 0.24
spp-f0 ; 25 ; 0.24
spp-f0 ; 25 ; 0.24
spp-f0 ; 25 ; 0.24
spp-f0 ; 25 ; 0.24
spp-f0 ; 25 ; 0.24
spp-f0 ; 25 ; 0.24
spp-f0 ; 25 ; 0.24
spp-f0 ; 25 ; 0.24
spp-f0 ; 25 ; 0.24
spp-f0 ; 25 ; 0.24
spp-f0 ; 25 ; 0.24
spp-f0 ; 25 ; 0.24
spp-f0 ; 25 ; 0.24
spp-f0 ; 25 ; 0.24
spp-f0 ; 25 ; 0.24
spp-f0 ; 25 ; 0.24
spp-f0 ; 30 ; 0.266667
spp-f0 ; 30 ; 0.266667
spp-f0 ; 30 ; 0.266667
spp-f0 ; 30 ; 0.266667
spp-f0 ; 30 ; 0.266667
spp-f0 ; 30 ; 0.266667
spp-f0 ; 30 ; 0.266667
spp-f0 ; 30 ; 0.266667
spp-f0 ; 30 ; 0.266667
spp-f0 ; 30 ; 0.266667
spp-f0 ; 30 ; 0.266667
spp-f0 ; 30 ; 0.266667
spp-f0 ; 30 ; 0.266667
spp-f0 ; 30 ; 0.266667
spp-f0 ; 30 ; 0.266667
spp-f0 ; 30 ; 0.266667
spp-f0 ; 30 ; 0.266667
spp-f0 ; 30 ; 0.266667
spp-f0 ; 30 ; 0.266667
spp-f0 ; 30 ; 0.266667
spp-f0 ; 30 ; 0.266667
spp-f0 ; 30 ; 0.266667
spp-f0 ; 30 ; 0.266667
spp-f0 ; 30 ; 0.266667
spp-f0 ; 30 ; 0.266667
spp-f0 ; 30 ; 0.266667
spp-f0 ; 30 ; 0.266667
spp-f0 ; 30 ; 0.266667
spp-f0 ; 30 ; 0.266667
spp-f0 ; 30 ; 0.266667
spp-f0 ; 30 ; 0.266667
spp-f0 ; 30 ; 0.266667
spp-f0 ; 30 ; 0.266667
spp-f0 ; 30 ; 0.266667
spp-f0 ; 30 ; 0.266667
spp-f0 ; 30 ; 0.266667
spp-f0 ; 30 ; 0.266667
spp-f0 ; 30 ; 0.266667
spp-f0 ; 30 ; 0.266667
spp-f0 ; 30 ; 0.266667
spp-f0 ; 30 ; 0.266667
spp-f0 ; 30 ; 0.266667
spp-f0 ; 30 ; 0.266667
spp-f0 ; 30 ; 0.266667
spp-f0 ; 30 ; 0.266667
spp-f0 ; 30 ; 0.266667
spp-f0 ; 30 ; 0.266667
spp-f0 ; 30 ; 0.266667
spp-f0 ; 30 ; 0.266667
spp-f0 ; 30 ; 0.266667
spp-f0 ; 30 ; 0.266667
spp-f0 ; 30 ; 0.266667
spp-f0 ; 30 ; 0.266667
spp-f0 ; 30 ; 0.266667
spp-f0 ; 30 ; 0.266667
spp-f0 ; 30 ; 0.266667
spp-f0 ; 30 ; 0.266667
spp-f0 ; 30 ; 0.266667
spp-f0 ; 30 ; 0.266667
spp-f0 ; 30 ; 0.266667
spp-f0 ; 30 ; 0.266667
spp-f0 ; 30 ; 0.266667
spp-f0 ; 30 ; 0.266667
spp-f0 ; 30 ; 0.266667
spp-f0 ; 30 ; 0.266667
spp-f0 ; 30 ; 0.266667
spp-f0 ; 30 ; 0.266667
spp-f0 ; 30 ; 0.266667
spp-f0 ; 30 ; 0.266667
spp-f0 ; 30 ; 0.266667
spp-f0 ; 30 ; 0.266667
spp-f0 ; 30 ; 0.266667
spp-f0 ; 30 ; 0.266667
spp-f0 ; 30 ; 0.266667
spp-f0 ; 30 ; 0.266667
spp-f0 ; 30 ; 0.266667
spp-f0 ; 30 ; 0.266667
spp-f0 ; 30 ; 0.266667
spp-f0 ; 30 ; 0.266667
spp-f0 ; 30 ; 0.266667
spp-f0 ; 30 ; 0.266667
spp-f0 ; 30 ; 0.266667
spp-f0 ; 30 ; 0.266667
spp-f0 ; 30 ; 0.266667
spp-f0 ; 30 ; 0.266667
spp-f0 ; 30 ; 0.266667
spp-f0 ; 30 ; 0.266667
spp-f0 ; 30 ; 0.266667
spp-f0 ; 30 ; 0.266667
spp-f0 ; 30 ; 0.266667
spp-f0 ; 30 ; 0.266667
spp-f0 ; 30 ; 0.266667
spp-f0 ; 30 ; 0.266667
spp-f0 ; 30 ; 0.266667
spp-f0 ; 30 ; 0.266667
spp-f0 ; 30 ; 0.266667
spp-f0 ; 30 ; 0.266667
spp-f0 ; 30 ; 0.266667
spp-f0 ; 30 ; 0.266667
spp-f0 ; 30 ; 0.266667
spp-f0 ; 35 ; 0.314286
spp-f0 ; 35 ; 0.314286
spp-f0 ; 35 ; 0.314286
spp-f0 ; 35 ; 0.314286
spp-f0 ; 35 ; 0.314286
spp-f0 ; 35 ; 0.314286
spp-f0 ; 35 ; 0.314286
spp-f0 ; 35 ; 0.314286
spp-f0 ; 35 ; 0.314286
spp-f0 ; 35 ; 0.314286
spp-f0 ; 35 ; 0.314286
spp-f0 ; 35 ; 0.314286
spp-f0 ; 35 ; 0.314286
spp-f0 ; 35 ; 0.314286
spp-f0 ; 35 ; 0.314286
spp-f0 ; 35 ; 0.314286
spp-f0 ; 35 ; 0.314286
spp-f0 ; 35 ; 0.314286
spp-f0 ; 35 ; 0.314286
spp-f0 ; 35 ; 0.314286
spp-f0 ; 35 ; 0.314286
spp-f0 ; 35 ; 0.314286
spp-f0 ; 35 ; 0.314286
spp-f0 ; 35 ; 0.314286
spp-f0 ; 35 ; 0.314286
spp-f0 ; 35 ; 0.314286
spp-f0 ; 35 ; 0.314286
spp-f0 ; 35 ; 0.314286
spp-f0 ; 35 ; 0.314286
spp-f0 ; 35 ; 0.314286
spp-f0 ; 35 ; 0.314286
spp-f0 ; 35 ; 0.314286
spp-f0 ; 35 ; 0.314286
spp-f0 ; 35 ; 0.314286
spp-f0 ; 35 ; 0.314286
spp-f0 ; 35 ; 0.314286
spp-f0 ; 35 ; 0.314286
spp-f0 ; 35 ; 0.314286
spp-f0 ; 35 ; 0.314286
spp-f0 ; 35 ; 0.314286
spp-f0 ; 35 ; 0.314286
spp-f0 ; 35 ; 0.314286
spp-f0 ; 35 ; 0.314286
spp-f0 ; 35 ; 0.314286
spp-f0 ; 35 ; 0.314286
spp-f0 ; 35 ; 0.314286
spp-f0 ; 35 ; 0.314286
spp-f0 ; 35 ; 0.314286
spp-f0 ; 35 ; 0.314286
spp-f0 ; 35 ; 0.314286
spp-f0 ; 35 ; 0.314286
spp-f0 ; 35 ; 0.314286
spp-f0 ; 35 ; 0.314286
spp-f0 ; 35 ; 0.314286
spp-f0 ; 35 ; 0.314286
spp-f0 ; 35 ; 0.314286
spp-f0 ; 35 ; 0.314286
spp-f0 ; 35 ; 0.314286
spp-f0 ; 35 ; 0.314286
spp-f0 ; 35 ; 0.314286
spp-f0 ; 35 ; 0.314286
spp-f0 ; 35 ; 0.314286
spp-f0 ; 35 ; 0.314286
spp-f0 ; 35 ; 0.314286
spp-f0 ; 35 ; 0.314286
spp-f0 ; 35 ; 0.314286
spp-f0 ; 35 ; 0.314286
spp-f0 ; 35 ; 0.314286
spp-f0 ; 35 ; 0.314286
spp-f0 ; 35 ; 0.314286
spp-f0 ; 35 ; 0.314286
spp-f0 ; 35 ; 0.314286
spp-f0 ; 35 ; 0.314286
spp-f0 ; 35 ; 0.314286
spp-f0 ; 35 ; 0.314286
spp-f0 ; 35 ; 0.314286
spp-f0 ; 35 ; 0.314286
spp-f0 ; 35 ; 0.314286
spp-f0 ; 35 ; 0.314286
spp-f0 ; 35 ; 0.314286
spp-f0 ; 35 ; 0.314286
spp-f0 ; 35 ; 0.314286
spp-f0 ; 35 ; 0.314286
spp-f0 ; 35 ; 0.314286
spp-f0 ; 35 ; 0.314286
spp-f0 ; 35 ; 0.314286
spp-f0 ; 35 ; 0.314286
spp-f0 ; 35 ; 0.314286
spp-f0 ; 35 ; 0.314286
spp-f0 ; 35 ; 0.314286
spp-f0 ; 35 ; 0.314286
spp-f0 ; 35 ; 0.314286
spp-f0 ; 35 ; 0.314286
spp-f0 ; 35 ; 0.314286
spp-f0 ; 35 ; 0.314286
spp-f0 ; 35 ; 0.314286
spp-f0 ; 35 ; 0.314286
spp-f0 ; 35 ; 0.314286
spp-f0 ; 35 ; 0.314286
spp-f0 ; 35 ; 0.314286
spp-f0 ; 40 ; 0.325
spp-f0 ; 40 ; 0.25
spp-f0 ; 40 ; 0.325
spp-f0 ; 40 ; 0.325
spp-f0 ; 40 ; 0.3
spp-f0 ; 40 ; 0.275
spp-f0 ; 40 ; 0.275
spp-f0 ; 40 ; 0.3
spp-f0 ; 40 ; 0.3
spp-f0 ; 40 ; 0.325
spp-f0 ; 40 ; 0.325
spp-f0 ; 40 ; 0.325
spp-f0 ; 40 ; 0.325
spp-f0 ; 40 ; 0.325
spp-f0 ; 40 ; 0.325
spp-f0 ; 40 ; 0.325
spp-f0 ; 40 ; 0.325
spp-f0 ; 40 ; 0.325
spp-f0 ; 40 ; 0.325
spp-f0 ; 40 ; 0.325
spp-f0 ; 40 ; 0.325
spp-f0 ; 40 ; 0.325
spp-f0 ; 40 ; 0.325
spp-f0 ; 40 ; 0.325
spp-f0 ; 40 ; 0.325
spp-f0 ; 40 ; 0.325
spp-f0 ; 40 ; 0.325
spp-f0 ; 40 ; 0.325
spp-f0 ; 40 ; 0.3
spp-f0 ; 40 ; 0.325
spp-f0 ; 40 ; 0.325
spp-f0 ; 40 ; 0.325
spp-f0 ; 40 ; 0.275
spp-f0 ; 40 ; 0.325
spp-f0 ; 40 ; 0.275
spp-f0 ; 40 ; 0.275
spp-f0 ; 40 ; 0.325
spp-f0 ; 40 ; 0.3
spp-f0 ; 40 ; 0.325
spp-f0 ; 40 ; 0.325
spp-f0 ; 40 ; 0.3
spp-f0 ; 40 ; 0.325
spp-f0 ; 40 ; 0.325
spp-f0 ; 40 ; 0.3
spp-f0 ; 40 ; 0.325
spp-f0 ; 40 ; 0.325
spp-f0 ; 40 ; 0.3
spp-f0 ; 40 ; 0.3
spp-f0 ; 40 ; 0.325
spp-f0 ; 40 ; 0.325
spp-f0 ; 40 ; 0.325
spp-f0 ; 40 ; 0.325
spp-f0 ; 40 ; 0.325
spp-f0 ; 40 ; 0.3
spp-f0 ; 40 ; 0.325
spp-f0 ; 40 ; 0.325
spp-f0 ; 40 ; 0.325
spp-f0 ; 40 ; 0.325
spp-f0 ; 40 ; 0.275
spp-f0 ; 40 ; 0.325
spp-f0 ; 40 ; 0.325
spp-f0 ; 40 ; 0.3
spp-f0 ; 40 ; 0.325
spp-f0 ; 40 ; 0.325
spp-f0 ; 40 ; 0.325
spp-f0 ; 40 ; 0.325
spp-f0 ; 40 ; 0.325
spp-f0 ; 40 ; 0.325
spp-f0 ; 40 ; 0.3
spp-f0 ; 40 ; 0.325
spp-f0 ; 40 ; 0.3
spp-f0 ; 40 ; 0.3
spp-f0 ; 40 ; 0.325
spp-f0 ; 40 ; 0.325
spp-f0 ; 40 ; 0.325
spp-f0 ; 40 ; 0.3
spp-f0 ; 40 ; 0.325
spp-f0 ; 40 ; 0.325
spp-f0 ; 40 ; 0.325
spp-f0 ; 40 ; 0.325
spp-f0 ; 40 ; 0.325
spp-f0 ; 40 ; 0.325
spp-f0 ; 40 ; 0.325
spp-f0 ; 40 ; 0.3
spp-f0 ; 40 ; 0.325
spp-f0 ; 40 ; 0.325
spp-f0 ; 40 ; 0.325
spp-f0 ; 40 ; 0.3
spp-f0 ; 40 ; 0.325
spp-f0 ; 40 ; 0.325
spp-f0 ; 40 ; 0.325
spp-f0 ; 40 ; 0.325
spp-f0 ; 40 ; 0.3
spp-f0 ; 40 ; 0.325
spp-f0 ; 40 ; 0.325
spp-f0 ; 40 ; 0.325
spp-f0 ; 40 ; 0.325
spp-f0 ; 40 ; 0.325
spp-f0 ; 40 ; 0.325
spp-f0 ; 40 ; 0.325
spp-f0 ; 45 ; 0.311111
spp-f0 ; 45 ; 0.355556
spp-f0 ; 45 ; 0.333333
spp-f0 ; 45 ; 0.355556
spp-f0 ; 45 ; 0.355556
spp-f0 ; 45 ; 0.355556
spp-f0 ; 45 ; 0.355556
spp-f0 ; 45 ; 0.355556
spp-f0 ; 45 ; 0.355556
spp-f0 ; 45 ; 0.355556
spp-f0 ; 45 ; 0.311111
spp-f0 ; 45 ; 0.355556
spp-f0 ; 45 ; 0.355556
spp-f0 ; 45 ; 0.355556
spp-f0 ; 45 ; 0.355556
spp-f0 ; 45 ; 0.333333
spp-f0 ; 45 ; 0.333333
spp-f0 ; 45 ; 0.311111
spp-f0 ; 45 ; 0.355556
spp-f0 ; 45 ; 0.333333
spp-f0 ; 45 ; 0.355556
spp-f0 ; 45 ; 0.355556
spp-f0 ; 45 ; 0.355556
spp-f0 ; 45 ; 0.355556
spp-f0 ; 45 ; 0.355556
spp-f0 ; 45 ; 0.355556
spp-f0 ; 45 ; 0.355556
spp-f0 ; 45 ; 0.355556
spp-f0 ; 45 ; 0.355556
spp-f0 ; 45 ; 0.355556
spp-f0 ; 45 ; 0.355556
spp-f0 ; 45 ; 0.355556
spp-f0 ; 45 ; 0.333333
spp-f0 ; 45 ; 0.355556
spp-f0 ; 45 ; 0.355556
spp-f0 ; 45 ; 0.355556
spp-f0 ; 45 ; 0.311111
spp-f0 ; 45 ; 0.355556
spp-f0 ; 45 ; 0.333333
spp-f0 ; 45 ; 0.333333
spp-f0 ; 45 ; 0.355556
spp-f0 ; 45 ; 0.355556
spp-f0 ; 45 ; 0.333333
spp-f0 ; 45 ; 0.355556
spp-f0 ; 45 ; 0.355556
spp-f0 ; 45 ; 0.333333
spp-f0 ; 45 ; 0.355556
spp-f0 ; 45 ; 0.355556
spp-f0 ; 45 ; 0.355556
spp-f0 ; 45 ; 0.355556
spp-f0 ; 45 ; 0.355556
spp-f0 ; 45 ; 0.311111
spp-f0 ; 45 ; 0.355556
spp-f0 ; 45 ; 0.355556
spp-f0 ; 45 ; 0.355556
spp-f0 ; 45 ; 0.355556
spp-f0 ; 45 ; 0.244444
spp-f0 ; 45 ; 0.355556
spp-f0 ; 45 ; 0.333333
spp-f0 ; 45 ; 0.355556
spp-f0 ; 45 ; 0.355556
spp-f0 ; 45 ; 0.333333
spp-f0 ; 45 ; 0.288889
spp-f0 ; 45 ; 0.333333
spp-f0 ; 45 ; 0.355556
spp-f0 ; 45 ; 0.333333
spp-f0 ; 45 ; 0.355556
spp-f0 ; 45 ; 0.355556
spp-f0 ; 45 ; 0.355556
spp-f0 ; 45 ; 0.333333
spp-f0 ; 45 ; 0.333333
spp-f0 ; 45 ; 0.355556
spp-f0 ; 45 ; 0.333333
spp-f0 ; 45 ; 0.355556
spp-f0 ; 45 ; 0.355556
spp-f0 ; 45 ; 0.333333
spp-f0 ; 45 ; 0.355556
spp-f0 ; 45 ; 0.355556
spp-f0 ; 45 ; 0.311111
spp-f0 ; 45 ; 0.355556
spp-f0 ; 45 ; 0.355556
spp-f0 ; 45 ; 0.333333
spp-f0 ; 45 ; 0.355556
spp-f0 ; 45 ; 0.333333
spp-f0 ; 45 ; 0.355556
spp-f0 ; 45 ; 0.288889
spp-f0 ; 45 ; 0.311111
spp-f0 ; 45 ; 0.355556
spp-f0 ; 45 ; 0.311111
spp-f0 ; 45 ; 0.355556
spp-f0 ; 45 ; 0.311111
spp-f0 ; 45 ; 0.355556
spp-f0 ; 45 ; 0.333333
spp-f0 ; 45 ; 0.355556
spp-f0 ; 45 ; 0.355556
spp-f0 ; 45 ; 0.355556
spp-f0 ; 45 ; 0.355556
spp-f0 ; 45 ; 0.355556
spp-f0 ; 45 ; 0.355556
spp-f0 ; 45 ; 0.355556
spp-f0 ; 50 ; 0.4
spp-f0 ; 50 ; 0.38
spp-f0 ; 50 ; 0.4
spp-f0 ; 50 ; 0.4
spp-f0 ; 50 ; 0.4
spp-f0 ; 50 ; 0.4
spp-f0 ; 50 ; 0.4
spp-f0 ; 50 ; 0.36
spp-f0 ; 50 ; 0.4
spp-f0 ; 50 ; 0.4
spp-f0 ; 50 ; 0.38
spp-f0 ; 50 ; 0.4
spp-f0 ; 50 ; 0.38
spp-f0 ; 50 ; 0.4
spp-f0 ; 50 ; 0.4
spp-f0 ; 50 ; 0.4
spp-f0 ; 50 ; 0.4
spp-f0 ; 50 ; 0.4
spp-f0 ; 50 ; 0.4
spp-f0 ; 50 ; 0.4
spp-f0 ; 50 ; 0.4
spp-f0 ; 50 ; 0.32
spp-f0 ; 50 ; 0.36
spp-f0 ; 50 ; 0.38
spp-f0 ; 50 ; 0.38
spp-f0 ; 50 ; 0.4
spp-f0 ; 50 ; 0.4
spp-f0 ; 50 ; 0.32
spp-f0 ; 50 ; 0.4
spp-f0 ; 50 ; 0.4
spp-f0 ; 50 ; 0.38
spp-f0 ; 50 ; 0.38
spp-f0 ; 50 ; 0.4
spp-f0 ; 50 ; 0.4
spp-f0 ; 50 ; 0.4
spp-f0 ; 50 ; 0.4
spp-f0 ; 50 ; 0.38
spp-f0 ; 50 ; 0.4
spp-f0 ; 50 ; 0.4
spp-f0 ; 50 ; 0.34
spp-f0 ; 50 ; 0.36
spp-f0 ; 50 ; 0.4
spp-f0 ; 50 ; 0.4
spp-f0 ; 50 ; 0.4
spp-f0 ; 50 ; 0.4
spp-f0 ; 50 ; 0.38
spp-f0 ; 50 ; 0.34
spp-f0 ; 50 ; 0.4
spp-f0 ; 50 ; 0.38
spp-f0 ; 50 ; 0.4
spp-f0 ; 50 ; 0.4
spp-f0 ; 50 ; 0.38
spp-f0 ; 50 ; 0.36
spp-f0 ; 50 ; 0.4
spp-f0 ; 50 ; 0.4
spp-f0 ; 50 ; 0.4
spp-f0 ; 50 ; 0.4
spp-f0 ; 50 ; 0.4
spp-f0 ; 50 ; 0.4
spp-f0 ; 50 ; 0.4
spp-f0 ; 50 ; 0.4
spp-f0 ; 50 ; 0.4
spp-f0 ; 50 ; 0.38
spp-f0 ; 50 ; 0.4
spp-f0 ; 50 ; 0.4
spp-f0 ; 50 ; 0.4
spp-f0 ; 50 ; 0.34
spp-f0 ; 50 ; 0.4
spp-f0 ; 50 ; 0.4
spp-f0 ; 50 ; 0.4
spp-f0 ; 50 ; 0.4
spp-f0 ; 50 ; 0.4
spp-f0 ; 50 ; 0.38
spp-f0 ; 50 ; 0.38
spp-f0 ; 50 ; 0.38
spp-f0 ; 50 ; 0.4
spp-f0 ; 50 ; 0.4
spp-f0 ; 50 ; 0.4
spp-f0 ; 50 ; 0.38
spp-f0 ; 50 ; 0.4
spp-f0 ; 50 ; 0.4
spp-f0 ; 50 ; 0.4
spp-f0 ; 50 ; 0.4
spp-f0 ; 50 ; 0.4
spp-f0 ; 50 ; 0.4
spp-f0 ; 50 ; 0.38
spp-f0 ; 50 ; 0.4
spp-f0 ; 50 ; 0.36
spp-f0 ; 50 ; 0.34
spp-f0 ; 50 ; 0.4
spp-f0 ; 50 ; 0.38
spp-f0 ; 50 ; 0.4
spp-f0 ; 50 ; 0.4
spp-f0 ; 50 ; 0.4
spp-f0 ; 50 ; 0.4
spp-f0 ; 50 ; 0.4
spp-f0 ; 50 ; 0.4
spp-f0 ; 50 ; 0.36
spp-f0 ; 50 ; 0.4
spp-f0 ; 50 ; 0.32
scheduling-f2 ; 5 ; 0
scheduling-f2 ; 5 ; 0
scheduling-f2 ; 5 ; 0
scheduling-f2 ; 5 ; 0
scheduling-f2 ; 5 ; 0
scheduling-f2 ; 5 ; 0
scheduling-f2 ; 5 ; 0
scheduling-f2 ; 5 ; 0
scheduling-f2 ; 5 ; 0
scheduling-f2 ; 5 ; 0
scheduling-f2 ; 5 ; 0
scheduling-f2 ; 5 ; 0
scheduling-f2 ; 5 ; 0
scheduling-f2 ; 5 ; 0
scheduling-f2 ; 5 ; 0
scheduling-f2 ; 5 ; 0
scheduling-f2 ; 5 ; 0
scheduling-f2 ; 5 ; 0
scheduling-f2 ; 5 ; 0
scheduling-f2 ; 5 ; 0
scheduling-f2 ; 5 ; 0
scheduling-f2 ; 5 ; 0
scheduling-f2 ; 5 ; 0
scheduling-f2 ; 5 ; 0
scheduling-f2 ; 5 ; 0
scheduling-f2 ; 5 ; 0
scheduling-f2 ; 5 ; 0
scheduling-f2 ; 5 ; 0
scheduling-f2 ; 5 ; 0
scheduling-f2 ; 5 ; 0
scheduling-f2 ; 5 ; 0
scheduling-f2 ; 5 ; 0
scheduling-f2 ; 5 ; 0
scheduling-f2 ; 5 ; 0
scheduling-f2 ; 5 ; 0
scheduling-f2 ; 5 ; 0
scheduling-f2 ; 5 ; 0
scheduling-f2 ; 5 ; 0
scheduling-f2 ; 5 ; 0
scheduling-f2 ; 5 ; 0
scheduling-f2 ; 5 ; 0
scheduling-f2 ; 5 ; 0
scheduling-f2 ; 5 ; 0
scheduling-f2 ; 5 ; 0
scheduling-f2 ; 5 ; 0
scheduling-f2 ; 5 ; 0
scheduling-f2 ; 5 ; 0
scheduling-f2 ; 5 ; 0
scheduling-f2 ; 5 ; 0
scheduling-f2 ; 5 ; 0
scheduling-f2 ; 5 ; 0
scheduling-f2 ; 5 ; 0
scheduling-f2 ; 5 ; 0
scheduling-f2 ; 5 ; 0
scheduling-f2 ; 5 ; 0
scheduling-f2 ; 5 ; 0
scheduling-f2 ; 5 ; 0
scheduling-f2 ; 5 ; 0
scheduling-f2 ; 5 ; 0
scheduling-f2 ; 5 ; 0
scheduling-f2 ; 5 ; 0
scheduling-f2 ; 5 ; 0
scheduling-f2 ; 5 ; 0
scheduling-f2 ; 5 ; 0
scheduling-f2 ; 5 ; 0
scheduling-f2 ; 5 ; 0
scheduling-f2 ; 5 ; 0
scheduling-f2 ; 5 ; 0
scheduling-f2 ; 5 ; 0
scheduling-f2 ; 5 ; 0
scheduling-f2 ; 5 ; 0
scheduling-f2 ; 5 ; 0
scheduling-f2 ; 5 ; 0
scheduling-f2 ; 5 ; 0
scheduling-f2 ; 5 ; 0
scheduling-f2 ; 5 ; 0
scheduling-f2 ; 5 ; 0
scheduling-f2 ; 5 ; 0
scheduling-f2 ; 5 ; 0
scheduling-f2 ; 5 ; 0
scheduling-f2 ; 5 ; 0
scheduling-f2 ; 5 ; 0
scheduling-f2 ; 5 ; 0
scheduling-f2 ; 5 ; 0
scheduling-f2 ; 5 ; 0
scheduling-f2 ; 5 ; 0
scheduling-f2 ; 5 ; 0
scheduling-f2 ; 5 ; 0
scheduling-f2 ; 5 ; 0
scheduling-f2 ; 5 ; 0
scheduling-f2 ; 5 ; 0
scheduling-f2 ; 5 ; 0
scheduling-f2 ; 5 ; 0
scheduling-f2 ; 5 ; 0
scheduling-f2 ; 5 ; 0
scheduling-f2 ; 5 ; 0
scheduling-f2 ; 5 ; 0
scheduling-f2 ; 5 ; 0
scheduling-f2 ; 5 ; 0
scheduling-f2 ; 5 ; 0
scheduling-f2 ; 10 ; 0.4
scheduling-f2 ; 10 ; 0.3
scheduling-f2 ; 10 ; 0.3
scheduling-f2 ; 10 ; 0.3
scheduling-f2 ; 10 ; 0.3
scheduling-f2 ; 10 ; 0.1
scheduling-f2 ; 10 ; 0.1
scheduling-f2 ; 10 ; 0.1
scheduling-f2 ; 10 ; 0.3
scheduling-f2 ; 10 ; 0.3
scheduling-f2 ; 10 ; 0.3
scheduling-f2 ; 10 ; 0.4
scheduling-f2 ; 10 ; 0.3
scheduling-f2 ; 10 ; 0.4
scheduling-f2 ; 10 ; 0.1
scheduling-f2 ; 10 ; 0.1
scheduling-f2 ; 10 ; 0.4
scheduling-f2 ; 10 ; 0.1
scheduling-f2 ; 10 ; 0.3
scheduling-f2 ; 10 ; 0.1
scheduling-f2 ; 10 ; 0.1
scheduling-f2 ; 10 ; 0.3
scheduling-f2 ; 10 ; 0.1
scheduling-f2 ; 10 ; 0.3
scheduling-f2 ; 10 ; 0.4
scheduling-f2 ; 10 ; 0.4
scheduling-f2 ; 10 ; 0.1
scheduling-f2 ; 10 ; 0.4
scheduling-f2 ; 10 ; 0.3
scheduling-f2 ; 10 ; 0.1
scheduling-f2 ; 10 ; 0.3
scheduling-f2 ; 10 ; 0.1
scheduling-f2 ; 10 ; 0.3
scheduling-f2 ; 10 ; 0.1
scheduling-f2 ; 10 ; 0.4
scheduling-f2 ; 10 ; 0.1
scheduling-f2 ; 10 ; 0.1
scheduling-f2 ; 10 ; 0.1
scheduling-f2 ; 10 ; 0.1
scheduling-f2 ; 10 ; 0.1
scheduling-f2 ; 10 ; 0.1
scheduling-f2 ; 10 ; 0.4
scheduling-f2 ; 10 ; 0.1
scheduling-f2 ; 10 ; 0.1
scheduling-f2 ; 10 ; 0.4
scheduling-f2 ; 10 ; 0.3
scheduling-f2 ; 10 ; 0.3
scheduling-f2 ; 10 ; 0.4
scheduling-f2 ; 10 ; 0.4
scheduling-f2 ; 10 ; 0.1
scheduling-f2 ; 10 ; 0.1
scheduling-f2 ; 10 ; 0.1
scheduling-f2 ; 10 ; 0.1
scheduling-f2 ; 10 ; 0.1
scheduling-f2 ; 10 ; 0.3
scheduling-f2 ; 10 ; 0.3
scheduling-f2 ; 10 ; 0.1
scheduling-f2 ; 10 ; 0.1
scheduling-f2 ; 10 ; 0.3
scheduling-f2 ; 10 ; 0.1
scheduling-f2 ; 10 ; 0.1
scheduling-f2 ; 10 ; 0.3
scheduling-f2 ; 10 ; 0.3
scheduling-f2 ; 10 ; 0.1
scheduling-f2 ; 10 ; 0.4
scheduling-f2 ; 10 ; 0.3
scheduling-f2 ; 10 ; 0.1
scheduling-f2 ; 10 ; 0.1
scheduling-f2 ; 10 ; 0.1
scheduling-f2 ; 10 ; 0.4
scheduling-f2 ; 10 ; 0.1
scheduling-f2 ; 10 ; 0.1
scheduling-f2 ; 10 ; 0.4
scheduling-f2 ; 10 ; 0.3
scheduling-f2 ; 10 ; 0.3
scheduling-f2 ; 10 ; 0.4
scheduling-f2 ; 10 ; 0.4
scheduling-f2 ; 10 ; 0.1
scheduling-f2 ; 10 ; 0.4
scheduling-f2 ; 10 ; 0.1
scheduling-f2 ; 10 ; 0.1
scheduling-f2 ; 10 ; 0.1
scheduling-f2 ; 10 ; 0.1
scheduling-f2 ; 10 ; 0.3
scheduling-f2 ; 10 ; 0.3
scheduling-f2 ; 10 ; 0.4
scheduling-f2 ; 10 ; 0.1
scheduling-f2 ; 10 ; 0.3
scheduling-f2 ; 10 ; 0.1
scheduling-f2 ; 10 ; 0.1
scheduling-f2 ; 10 ; 0.1
scheduling-f2 ; 10 ; 0.1
scheduling-f2 ; 10 ; 0.1
scheduling-f2 ; 10 ; 0.4
scheduling-f2 ; 10 ; 0.4
scheduling-f2 ; 10 ; 0.1
scheduling-f2 ; 10 ; 0.3
scheduling-f2 ; 10 ; 0.3
scheduling-f2 ; 10 ; 0.1
scheduling-f2 ; 10 ; 0.1
scheduling-f2 ; 15 ; 0.2
scheduling-f2 ; 15 ; 0.2
scheduling-f2 ; 15 ; 0.133333
scheduling-f2 ; 15 ; 0.266667
scheduling-f2 ; 15 ; 0.2
scheduling-f2 ; 15 ; 0.133333
scheduling-f2 ; 15 ; 0.266667
scheduling-f2 ; 15 ; 0.333333
scheduling-f2 ; 15 ; 0.266667
scheduling-f2 ; 15 ; 0.2
scheduling-f2 ; 15 ; 0.133333
scheduling-f2 ; 15 ; 0.133333
scheduling-f2 ; 15 ; 0.2
scheduling-f2 ; 15 ; 0.2
scheduling-f2 ; 15 ; 0.2
scheduling-f2 ; 15 ; 0.2
scheduling-f2 ; 15 ; 0.266667
scheduling-f2 ; 15 ; 0.2
scheduling-f2 ; 15 ; 0.333333
scheduling-f2 ; 15 ; 0.2
scheduling-f2 ; 15 ; 0.266667
scheduling-f2 ; 15 ; 0.133333
scheduling-f2 ; 15 ; 0.2
scheduling-f2 ; 15 ; 0.266667
scheduling-f2 ; 15 ; 0.2
scheduling-f2 ; 15 ; 0.2
scheduling-f2 ; 15 ; 0.2
scheduling-f2 ; 15 ; 0.266667
scheduling-f2 ; 15 ; 0.2
scheduling-f2 ; 15 ; 0.2
scheduling-f2 ; 15 ; 0.2
scheduling-f2 ; 15 ; 0.133333
scheduling-f2 ; 15 ; 0.2
scheduling-f2 ; 15 ; 0.2
scheduling-f2 ; 15 ; 0.2
scheduling-f2 ; 15 ; 0.333333
scheduling-f2 ; 15 ; 0.2
scheduling-f2 ; 15 ; 0.333333
scheduling-f2 ; 15 ; 0.2
scheduling-f2 ; 15 ; 0.2
scheduling-f2 ; 15 ; 0.2
scheduling-f2 ; 15 ; 0.2
scheduling-f2 ; 15 ; 0.266667
scheduling-f2 ; 15 ; 0.2
scheduling-f2 ; 15 ; 0.2
scheduling-f2 ; 15 ; 0.2
scheduling-f2 ; 15 ; 0.2
scheduling-f2 ; 15 ; 0.2
scheduling-f2 ; 15 ; 0.2
scheduling-f2 ; 15 ; 0.2
scheduling-f2 ; 15 ; 0.2
scheduling-f2 ; 15 ; 0.133333
scheduling-f2 ; 15 ; 0.2
scheduling-f2 ; 15 ; 0.2
scheduling-f2 ; 15 ; 0.266667
scheduling-f2 ; 15 ; 0.133333
scheduling-f2 ; 15 ; 0.2
scheduling-f2 ; 15 ; 0.2
scheduling-f2 ; 15 ; 0.2
scheduling-f2 ; 15 ; 0.2
scheduling-f2 ; 15 ; 0.2
scheduling-f2 ; 15 ; 0.2
scheduling-f2 ; 15 ; 0.2
scheduling-f2 ; 15 ; 0.2
scheduling-f2 ; 15 ; 0.2
scheduling-f2 ; 15 ; 0.266667
scheduling-f2 ; 15 ; 0.2
scheduling-f2 ; 15 ; 0.2
scheduling-f2 ; 15 ; 0.2
scheduling-f2 ; 15 ; 0.133333
scheduling-f2 ; 15 ; 0.133333
scheduling-f2 ; 15 ; 0.2
scheduling-f2 ; 15 ; 0.2
scheduling-f2 ; 15 ; 0.2
scheduling-f2 ; 15 ; 0.2
scheduling-f2 ; 15 ; 0.2
scheduling-f2 ; 15 ; 0.2
scheduling-f2 ; 15 ; 0.133333
scheduling-f2 ; 15 ; 0.333333
scheduling-f2 ; 15 ; 0.333333
scheduling-f2 ; 15 ; 0.2
scheduling-f2 ; 15 ; 0.333333
scheduling-f2 ; 15 ; 0.333333
scheduling-f2 ; 15 ; 0.266667
scheduling-f2 ; 15 ; 0.333333
scheduling-f2 ; 15 ; 0.2
scheduling-f2 ; 15 ; 0.2
scheduling-f2 ; 15 ; 0.2
scheduling-f2 ; 15 ; 0.2
scheduling-f2 ; 15 ; 0.266667
scheduling-f2 ; 15 ; 0.133333
scheduling-f2 ; 15 ; 0.266667
scheduling-f2 ; 15 ; 0.2
scheduling-f2 ; 15 ; 0.2
scheduling-f2 ; 15 ; 0.333333
scheduling-f2 ; 15 ; 0.2
scheduling-f2 ; 15 ; 0.333333
scheduling-f2 ; 15 ; 0.2
scheduling-f2 ; 15 ; 0.2
scheduling-f2 ; 15 ; 0.2
scheduling-f2 ; 20 ; 0.25
scheduling-f2 ; 20 ; 0.3
scheduling-f2 ; 20 ; 0.25
scheduling-f2 ; 20 ; 0.2
scheduling-f2 ; 20 ; 0.2
scheduling-f2 ; 20 ; 0.2
scheduling-f2 ; 20 ; 0.3
scheduling-f2 ; 20 ; 0.25
scheduling-f2 ; 20 ; 0.25
scheduling-f2 ; 20 ; 0.3
scheduling-f2 ; 20 ; 0.35
scheduling-f2 ; 20 ; 0.3
scheduling-f2 ; 20 ; 0.2
scheduling-f2 ; 20 ; 0.35
scheduling-f2 ; 20 ; 0.2
scheduling-f2 ; 20 ; 0.4
scheduling-f2 ; 20 ; 0.35
scheduling-f2 ; 20 ; 0.25
scheduling-f2 ; 20 ; 0.25
scheduling-f2 ; 20 ; 0.4
scheduling-f2 ; 20 ; 0.25
scheduling-f2 ; 20 ; 0.25
scheduling-f2 ; 20 ; 0.35
scheduling-f2 ; 20 ; 0.2
scheduling-f2 ; 20 ; 0.3
scheduling-f2 ; 20 ; 0.3
scheduling-f2 ; 20 ; 0.2
scheduling-f2 ; 20 ; 0.2
scheduling-f2 ; 20 ; 0.2
scheduling-f2 ; 20 ; 0.25
scheduling-f2 ; 20 ; 0.3
scheduling-f2 ; 20 ; 0.2
scheduling-f2 ; 20 ; 0.2
scheduling-f2 ; 20 ; 0.35
scheduling-f2 ; 20 ; 0.3
scheduling-f2 ; 20 ; 0.2
scheduling-f2 ; 20 ; 0.25
scheduling-f2 ; 20 ; 0.35
scheduling-f2 ; 20 ; 0.2
scheduling-f2 ; 20 ; 0.25
scheduling-f2 ; 20 ; 0.4
scheduling-f2 ; 20 ; 0.2
scheduling-f2 ; 20 ; 0.35
scheduling-f2 ; 20 ; 0.25
scheduling-f2 ; 20 ; 0.25
scheduling-f2 ; 20 ; 0.2
scheduling-f2 ; 20 ; 0.3
scheduling-f2 ; 20 ; 0.3
scheduling-f2 ; 20 ; 0.2
scheduling-f2 ; 20 ; 0.25
scheduling-f2 ; 20 ; 0.4
scheduling-f2 ; 20 ; 0.2
scheduling-f2 ; 20 ; 0.25
scheduling-f2 ; 20 ; 0.25
scheduling-f2 ; 20 ; 0.2
scheduling-f2 ; 20 ; 0.3
scheduling-f2 ; 20 ; 0.3
scheduling-f2 ; 20 ; 0.35
scheduling-f2 ; 20 ; 0.25
scheduling-f2 ; 20 ; 0.2
scheduling-f2 ; 20 ; 0.35
scheduling-f2 ; 20 ; 0.2
scheduling-f2 ; 20 ; 0.2
scheduling-f2 ; 20 ; 0.35
scheduling-f2 ; 20 ; 0.35
scheduling-f2 ; 20 ; 0.2
scheduling-f2 ; 20 ; 0.2
scheduling-f2 ; 20 ; 0.2
scheduling-f2 ; 20 ; 0.2
scheduling-f2 ; 20 ; 0.2
scheduling-f2 ; 20 ; 0.25
scheduling-f2 ; 20 ; 0.3
scheduling-f2 ; 20 ; 0.4
scheduling-f2 ; 20 ; 0.2
scheduling-f2 ; 20 ; 0.2
scheduling-f2 ; 20 ; 0.25
scheduling-f2 ; 20 ; 0.2
scheduling-f2 ; 20 ; 0.3
scheduling-f2 ; 20 ; 0.2
scheduling-f2 ; 20 ; 0.35
scheduling-f2 ; 20 ; 0.3
scheduling-f2 ; 20 ; 0.35
scheduling-f2 ; 20 ; 0.35
scheduling-f2 ; 20 ; 0.2
scheduling-f2 ; 20 ; 0.2
scheduling-f2 ; 20 ; 0.2
scheduling-f2 ; 20 ; 0.4
scheduling-f2 ; 20 ; 0.2
scheduling-f2 ; 20 ; 0.25
scheduling-f2 ; 20 ; 0.25
scheduling-f2 ; 20 ; 0.2
scheduling-f2 ; 20 ; 0.2
scheduling-f2 ; 20 ; 0.3
scheduling-f2 ; 20 ; 0.35
scheduling-f2 ; 20 ; 0.25
scheduling-f2 ; 20 ; 0.2
scheduling-f2 ; 20 ; 0.2
scheduling-f2 ; 20 ; 0.35
scheduling-f2 ; 20 ; 0.3
scheduling-f2 ; 20 ; 0.3
scheduling-f2 ; 25 ; 0.28
scheduling-f2 ; 25 ; 0.44
scheduling-f2 ; 25 ; 0.56
scheduling-f2 ; 25 ; 0.32
scheduling-f2 ; 25 ; 0.16
scheduling-f2 ; 25 ; 0.44
scheduling-f2 ; 25 ; 0.48
scheduling-f2 ; 25 ; 0.44
scheduling-f2 ; 25 ; 0.52
scheduling-f2 ; 25 ; 0.32
scheduling-f2 ; 25 ; 0.24
scheduling-f2 ; 25 ; 0.32
scheduling-f2 ; 25 ; 0.44
scheduling-f2 ; 25 ; 0.28
scheduling-f2 ; 25 ; 0.12
scheduling-f2 ; 25 ; 0.36
scheduling-f2 ; 25 ; 0.48
scheduling-f2 ; 25 ; 0.28
scheduling-f2 ; 25 ; 0.28
scheduling-f2 ; 25 ; 0.36
scheduling-f2 ; 25 ; 0.44
scheduling-f2 ; 25 ; 0.24
scheduling-f2 ; 25 ; 0.44
scheduling-f2 ; 25 ; 0.44
scheduling-f2 ; 25 ; 0.44
scheduling-f2 ; 25 ; 0.16
scheduling-f2 ; 25 ; 0.44
scheduling-f2 ; 25 ; 0.16
scheduling-f2 ; 25 ; 0.2
scheduling-f2 ; 25 ; 0.16
scheduling-f2 ; 25 ; 0.12
scheduling-f2 ; 25 ; 0.44
scheduling-f2 ; 25 ; 0.32
scheduling-f2 ; 25 ; 0.24
scheduling-f2 ; 25 ; 0.4
scheduling-f2 ; 25 ; 0.48
scheduling-f2 ; 25 ; 0.36
scheduling-f2 ; 25 ; 0.52
scheduling-f2 ; 25 ; 0.2
scheduling-f2 ; 25 ; 0.24
scheduling-f2 ; 25 ; 0.52
scheduling-f2 ; 25 ; 0.16
scheduling-f2 ; 25 ; 0.36
scheduling-f2 ; 25 ; 0.12
scheduling-f2 ; 25 ; 0.44
scheduling-f2 ; 25 ; 0.4
scheduling-f2 ; 25 ; 0.28
scheduling-f2 ; 25 ; 0.28
scheduling-f2 ; 25 ; 0.16
scheduling-f2 ; 25 ; 0.24
scheduling-f2 ; 25 ; 0.48
scheduling-f2 ; 25 ; 0.28
scheduling-f2 ; 25 ; 0.4
scheduling-f2 ; 25 ; 0.44
scheduling-f2 ; 25 ; 0.28
scheduling-f2 ; 25 ; 0.2
scheduling-f2 ; 25 ; 0.36
scheduling-f2 ; 25 ; 0.32
scheduling-f2 ; 25 ; 0.16
scheduling-f2 ; 25 ; 0.04
scheduling-f2 ; 25 ; 0.6
scheduling-f2 ; 25 ; 0.2
scheduling-f2 ; 25 ; 0.28
scheduling-f2 ; 25 ; 0.2
scheduling-f2 ; 25 ; 0.28
scheduling-f2 ; 25 ; 0.44
scheduling-f2 ; 25 ; 0.44
scheduling-f2 ; 25 ; 0.2
scheduling-f2 ; 25 ; 0.4
scheduling-f2 ; 25 ; 0.24
scheduling-f2 ; 25 ; 0.2
scheduling-f2 ; 25 ; 0.52
scheduling-f2 ; 25 ; 0.56
scheduling-f2 ; 25 ; 0.4
scheduling-f2 ; 25 ; 0.28
scheduling-f2 ; 25 ; 0.04
scheduling-f2 ; 25 ; 0.4
scheduling-f2 ; 25 ; 0.44
scheduling-f2 ; 25 ; 0.24
scheduling-f2 ; 25 ; 0.56
scheduling-f2 ; 25 ; 0.4
scheduling-f2 ; 25 ; 0.44
scheduling-f2 ; 25 ; 0.32
scheduling-f2 ; 25 ; 0.44
scheduling-f2 ; 25 ; 0.48
scheduling-f2 ; 25 ; 0.12
scheduling-f2 ; 25 ; 0.32
scheduling-f2 ; 25 ; 0.48
scheduling-f2 ; 25 ; 0.28
scheduling-f2 ; 25 ; 0.28
scheduling-f2 ; 25 ; 0.28
scheduling-f2 ; 25 ; 0.28
scheduling-f2 ; 25 ; 0.36
scheduling-f2 ; 25 ; 0.12
scheduling-f2 ; 25 ; 0.4
scheduling-f2 ; 25 ; 0.36
scheduling-f2 ; 25 ; 0.16
scheduling-f2 ; 25 ; 0.4
scheduling-f2 ; 25 ; 0.44
scheduling-f2 ; 25 ; 0.44
scheduling-f2 ; 30 ; 0.266667
scheduling-f2 ; 30 ; 0.433333
scheduling-f2 ; 30 ; 0.6
scheduling-f2 ; 30 ; 0.2
scheduling-f2 ; 30 ; 0.366667
scheduling-f2 ; 30 ; 0.433333
scheduling-f2 ; 30 ; 0.333333
scheduling-f2 ; 30 ; 0.433333
scheduling-f2 ; 30 ; 0.5
scheduling-f2 ; 30 ; 0.566667
scheduling-f2 ; 30 ; 0.633333
scheduling-f2 ; 30 ; 0.666667
scheduling-f2 ; 30 ; 0.2
scheduling-f2 ; 30 ; 0.4
scheduling-f2 ; 30 ; 0.466667
scheduling-f2 ; 30 ; 0.166667
scheduling-f2 ; 30 ; 0.633333
scheduling-f2 ; 30 ; 0.4
scheduling-f2 ; 30 ; 0.366667
scheduling-f2 ; 30 ; 0.333333
scheduling-f2 ; 30 ; 0.5
scheduling-f2 ; 30 ; 0.466667
scheduling-f2 ; 30 ; 0.566667
scheduling-f2 ; 30 ; 0.566667
scheduling-f2 ; 30 ; 0.433333
scheduling-f2 ; 30 ; 0.3
scheduling-f2 ; 30 ; 0.133333
scheduling-f2 ; 30 ; 0.466667
scheduling-f2 ; 30 ; 0.0666667
scheduling-f2 ; 30 ; 0.666667
scheduling-f2 ; 30 ; 0.366667
scheduling-f2 ; 30 ; 0.6
scheduling-f2 ; 30 ; 0.0666667
scheduling-f2 ; 30 ; 0.266667
scheduling-f2 ; 30 ; 0.366667
scheduling-f2 ; 30 ; 0.366667
scheduling-f2 ; 30 ; 0.5
scheduling-f2 ; 30 ; 0.566667
scheduling-f2 ; 30 ; 0.466667
scheduling-f2 ; 30 ; 0.333333
scheduling-f2 ; 30 ; 0.533333
scheduling-f2 ; 30 ; 0.433333
scheduling-f2 ; 30 ; 0.366667
scheduling-f2 ; 30 ; 0.533333
scheduling-f2 ; 30 ; 0.333333
scheduling-f2 ; 30 ; 0.133333
scheduling-f2 ; 30 ; 0.233333
scheduling-f2 ; 30 ; 0.5
scheduling-f2 ; 30 ; 0.5
scheduling-f2 ; 30 ; 0.166667
scheduling-f2 ; 30 ; 0.5
scheduling-f2 ; 30 ; 0.433333
scheduling-f2 ; 30 ; 0.566667
scheduling-f2 ; 30 ; 0.533333
scheduling-f2 ; 30 ; 0.366667
scheduling-f2 ; 30 ; 0.6
scheduling-f2 ; 30 ; 0.466667
scheduling-f2 ; 30 ; 0.366667
scheduling-f2 ; 30 ; 0.166667
scheduling-f2 ; 30 ; 0.433333
scheduling-f2 ; 30 ; 0.333333
scheduling-f2 ; 30 ; 0.6
scheduling-f2 ; 30 ; 0.266667
scheduling-f2 ; 30 ; 0.2
scheduling-f2 ; 30 ; 0.566667
scheduling-f2 ; 30 ; 0.566667
scheduling-f2 ; 30 ; 0.1
scheduling-f2 ; 30 ; 0.6
scheduling-f2 ; 30 ; 0.533333
scheduling-f2 ; 30 ; 0.433333
scheduling-f2 ; 30 ; 0.333333
scheduling-f2 ; 30 ; 0.666667
scheduling-f2 ; 30 ; 0.3
scheduling-f2 ; 30 ; 0.366667
scheduling-f2 ; 30 ; 0.4
scheduling-f2 ; 30 ; 0.366667
scheduling-f2 ; 30 ; 0.533333
scheduling-f2 ; 30 ; 0.0666667
scheduling-f2 ; 30 ; 0.133333
scheduling-f2 ; 30 ; 0.533333
scheduling-f2 ; 30 ; 0.433333
scheduling-f2 ; 30 ; 0.333333
scheduling-f2 ; 30 ; 0.5
scheduling-f2 ; 30 ; 0.2
scheduling-f2 ; 30 ; 0.433333
scheduling-f2 ; 30 ; 0.466667
scheduling-f2 ; 30 ; 0.133333
scheduling-f2 ; 30 ; 0.433333
scheduling-f2 ; 30 ; 0.6
scheduling-f2 ; 30 ; 0.6
scheduling-f2 ; 30 ; 0.466667
scheduling-f2 ; 30 ; 0.466667
scheduling-f2 ; 30 ; 0.5
scheduling-f2 ; 30 ; 0.5
scheduling-f2 ; 30 ; 0.666667
scheduling-f2 ; 30 ; 0.566667
scheduling-f2 ; 30 ; 0.533333
scheduling-f2 ; 30 ; 0.133333
scheduling-f2 ; 30 ; 0.5
scheduling-f2 ; 30 ; 0.266667
scheduling-f2 ; 35 ; 0.428571
scheduling-f2 ; 35 ; 0.0571429
scheduling-f2 ; 35 ; 0.285714
scheduling-f2 ; 35 ; 0.171429
scheduling-f2 ; 35 ; 0.142857
scheduling-f2 ; 35 ; 0.542857
scheduling-f2 ; 35 ; 0.428571
scheduling-f2 ; 35 ; 0.371429
scheduling-f2 ; 35 ; 0.4
scheduling-f2 ; 35 ; 0.2
scheduling-f2 ; 35 ; 0.457143
scheduling-f2 ; 35 ; 0.4
scheduling-f2 ; 35 ; 0.285714
scheduling-f2 ; 35 ; 0.571429
scheduling-f2 ; 35 ; 0.542857
scheduling-f2 ; 35 ; 0.657143
scheduling-f2 ; 35 ; 0.6
scheduling-f2 ; 35 ; 0.485714
scheduling-f2 ; 35 ; 0.142857
scheduling-f2 ; 35 ; 0.228571
scheduling-f2 ; 35 ; 0.514286
scheduling-f2 ; 35 ; 0.571429
scheduling-f2 ; 35 ; 0.514286
scheduling-f2 ; 35 ; 0.685714
scheduling-f2 ; 35 ; 0.485714
scheduling-f2 ; 35 ; 0.4
scheduling-f2 ; 35 ; 0.514286
scheduling-f2 ; 35 ; 0.4
scheduling-f2 ; 35 ; 0.228571
scheduling-f2 ; 35 ; 0.571429
scheduling-f2 ; 35 ; 0.342857
scheduling-f2 ; 35 ; 0.371429
scheduling-f2 ; 35 ; 0.4
scheduling-f2 ; 35 ; 0.371429
scheduling-f2 ; 35 ; 0.485714
scheduling-f2 ; 35 ; 0.457143
scheduling-f2 ; 35 ; 0.457143
scheduling-f2 ; 35 ; 0.285714
scheduling-f2 ; 35 ; 0.428571
scheduling-f2 ; 35 ; 0.314286
scheduling-f2 ; 35 ; 0.485714
scheduling-f2 ; 35 ; 0.342857
scheduling-f2 ; 35 ; 0.628571
scheduling-f2 ; 35 ; 0.342857
scheduling-f2 ; 35 ; 0.714286
scheduling-f2 ; 35 ; 0.285714
scheduling-f2 ; 35 ; 0.6
scheduling-f2 ; 35 ; 0.714286
scheduling-f2 ; 35 ; 0.314286
scheduling-f2 ; 35 ; 0.428571
scheduling-f2 ; 35 ; 0.2
scheduling-f2 ; 35 ; 0.371429
scheduling-f2 ; 35 ; 0.342857
scheduling-f2 ; 35 ; 0.571429
scheduling-f2 ; 35 ; 0.4
scheduling-f2 ; 35 ; 0.0857143
scheduling-f2 ; 35 ; 0.428571
scheduling-f2 ; 35 ; 0.314286
scheduling-f2 ; 35 ; 0.457143
scheduling-f2 ; 35 ; 0.2
scheduling-f2 ; 35 ; 0.4
scheduling-f2 ; 35 ; 0.628571
scheduling-f2 ; 35 ; 0.571429
scheduling-f2 ; 35 ; 0.514286
scheduling-f2 ; 35 ; 0.142857
scheduling-f2 ; 35 ; 0.657143
scheduling-f2 ; 35 ; 0.6
scheduling-f2 ; 35 ; 0.371429
scheduling-f2 ; 35 ; 0.514286
scheduling-f2 ; 35 ; 0.542857
scheduling-f2 ; 35 ; 0.2
scheduling-f2 ; 35 ; 0.514286
scheduling-f2 ; 35 ; 0.257143
scheduling-f2 ; 35 ; 0.285714
scheduling-f2 ; 35 ; 0.542857
scheduling-f2 ; 35 ; 0.514286
scheduling-f2 ; 35 ; 0.171429
scheduling-f2 ; 35 ; 0.457143
scheduling-f2 ; 35 ; 0.142857
scheduling-f2 ; 35 ; 0.542857
scheduling-f2 ; 35 ; 0.0857143
scheduling-f2 ; 35 ; 0.514286
scheduling-f2 ; 35 ; 0.342857
scheduling-f2 ; 35 ; 0.371429
scheduling-f2 ; 35 ; 0.257143
scheduling-f2 ; 35 ; 0.285714
scheduling-f2 ; 35 ; 0.542857
scheduling-f2 ; 35 ; 0.0857143
scheduling-f2 ; 35 ; 0.428571
scheduling-f2 ; 35 ; 0.371429
scheduling-f2 ; 35 ; 0.542857
scheduling-f2 ; 35 ; 0.314286
scheduling-f2 ; 35 ; 0.142857
scheduling-f2 ; 35 ; 0.542857
scheduling-f2 ; 35 ; 0.142857
scheduling-f2 ; 35 ; 0.4
scheduling-f2 ; 35 ; 0.428571
scheduling-f2 ; 35 ; 0.628571
scheduling-f2 ; 35 ; 0.542857
scheduling-f2 ; 35 ; 0.514286
scheduling-f2 ; 40 ; 0.175
scheduling-f2 ; 40 ; 0.425
scheduling-f2 ; 40 ; 0.3
scheduling-f2 ; 40 ; 0.3
scheduling-f2 ; 40 ; 0.35
scheduling-f2 ; 40 ; 0.15
scheduling-f2 ; 40 ; 0.175
scheduling-f2 ; 40 ; 0.475
scheduling-f2 ; 40 ; 0.05
scheduling-f2 ; 40 ; 0.35
scheduling-f2 ; 40 ; 0.075
scheduling-f2 ; 40 ; 0.075
scheduling-f2 ; 40 ; 0.45
scheduling-f2 ; 40 ; 0.3
scheduling-f2 ; 40 ; 0.55
scheduling-f2 ; 40 ; 0.25
scheduling-f2 ; 40 ; 0.525
scheduling-f2 ; 40 ; 0.4
scheduling-f2 ; 40 ; 0.375
scheduling-f2 ; 40 ; 0.7
scheduling-f2 ; 40 ; 0.7
scheduling-f2 ; 40 ; 0.625
scheduling-f2 ; 40 ; 0.375
scheduling-f2 ; 40 ; 0.275
scheduling-f2 ; 40 ; 0.325
scheduling-f2 ; 40 ; 0.125
scheduling-f2 ; 40 ; 0.275
scheduling-f2 ; 40 ; 0.325
scheduling-f2 ; 40 ; 0.225
scheduling-f2 ; 40 ; 0.45
scheduling-f2 ; 40 ; 0.225
scheduling-f2 ; 40 ; 0.425
scheduling-f2 ; 40 ; 0.175
scheduling-f2 ; 40 ; 0.175
scheduling-f2 ; 40 ; 0.175
scheduling-f2 ; 40 ; 0.1
scheduling-f2 ; 40 ; 0.075
scheduling-f2 ; 40 ; 0.1
scheduling-f2 ; 40 ; 0.275
scheduling-f2 ; 40 ; 0.125
scheduling-f2 ; 40 ; 0.3
scheduling-f2 ; 40 ; 0.075
scheduling-f2 ; 40 ; 0.35
scheduling-f2 ; 40 ; 0.65
scheduling-f2 ; 40 ; 0.4
scheduling-f2 ; 40 ; 0.15
scheduling-f2 ; 40 ; 0.5
scheduling-f2 ; 40 ; 0.125
scheduling-f2 ; 40 ; 0.1
scheduling-f2 ; 40 ; 0.55
scheduling-f2 ; 40 ; 0.275
scheduling-f2 ; 40 ; 0.4
scheduling-f2 ; 40 ; 0.1
scheduling-f2 ; 40 ; 0.275
scheduling-f2 ; 40 ; 0.675
scheduling-f2 ; 40 ; 0.55
scheduling-f2 ; 40 ; 0.125
scheduling-f2 ; 40 ; 0.225
scheduling-f2 ; 40 ; 0.275
scheduling-f2 ; 40 ; 0.1
scheduling-f2 ; 40 ; 0.35
scheduling-f2 ; 40 ; 0.225
scheduling-f2 ; 40 ; 0.375
scheduling-f2 ; 40 ; 0.2
scheduling-f2 ; 40 ; 0.25
scheduling-f2 ; 40 ; 0.6
scheduling-f2 ; 40 ; 0.025
scheduling-f2 ; 40 ; 0.4
scheduling-f2 ; 40 ; 0.075
scheduling-f2 ; 40 ; 0.1
scheduling-f2 ; 40 ; 0.15
scheduling-f2 ; 40 ; 0.525
scheduling-f2 ; 40 ; 0.6
scheduling-f2 ; 40 ; 0.325
scheduling-f2 ; 40 ; 0.275
scheduling-f2 ; 40 ; 0.625
scheduling-f2 ; 40 ; 0.175
scheduling-f2 ; 40 ; 0.35
scheduling-f2 ; 40 ; 0.4
scheduling-f2 ; 40 ; 0.45
scheduling-f2 ; 40 ; 0.1
scheduling-f2 ; 40 ; 0.225
scheduling-f2 ; 40 ; 0.1
scheduling-f2 ; 40 ; 0.4
scheduling-f2 ; 40 ; 0.225
scheduling-f2 ; 40 ; 0.05
scheduling-f2 ; 40 ; 0.175
scheduling-f2 ; 40 ; 0.05
scheduling-f2 ; 40 ; 0.375
scheduling-f2 ; 40 ; 0.375
scheduling-f2 ; 40 ; 0.125
scheduling-f2 ; 40 ; 0.1
scheduling-f2 ; 40 ; 0.325
scheduling-f2 ; 40 ; 0.45
scheduling-f2 ; 40 ; 0.225
scheduling-f2 ; 40 ; 0.275
scheduling-f2 ; 40 ; 0.15
scheduling-f2 ; 40 ; 0.3
scheduling-f2 ; 40 ; 0.475
scheduling-f2 ; 40 ; 0.475
scheduling-f2 ; 45 ; 0.155556
scheduling-f2 ; 45 ; 0.2
scheduling-f2 ; 45 ; 0.155556
scheduling-f2 ; 45 ; 0.222222
scheduling-f2 ; 45 ; 0.0888889
scheduling-f2 ; 45 ; 0.444444
scheduling-f2 ; 45 ; 0.244444
scheduling-f2 ; 45 ; 0.377778
scheduling-f2 ; 45 ; 0.2
scheduling-f2 ; 45 ; 0.311111
scheduling-f2 ; 45 ; 0.266667
scheduling-f2 ; 45 ; 0.355556
scheduling-f2 ; 45 ; 0.733333
scheduling-f2 ; 45 ; 0.288889
scheduling-f2 ; 45 ; 0.222222
scheduling-f2 ; 45 ; 0.244444
scheduling-f2 ; 45 ; 0.311111
scheduling-f2 ; 45 ; 0.311111
scheduling-f2 ; 45 ; 0.244444
scheduling-f2 ; 45 ; 0.133333
scheduling-f2 ; 45 ; 0.244444
scheduling-f2 ; 45 ; 0.111111
scheduling-f2 ; 45 ; 0.133333
scheduling-f2 ; 45 ; 0.288889
scheduling-f2 ; 45 ; 0.0444444
scheduling-f2 ; 45 ; 0.133333
scheduling-f2 ; 45 ; 0.644444
scheduling-f2 ; 45 ; 0.311111
scheduling-f2 ; 45 ; 0.133333
scheduling-f2 ; 45 ; 0.0666667
scheduling-f2 ; 45 ; 0.2
scheduling-f2 ; 45 ; 0.2
scheduling-f2 ; 45 ; 0.133333
scheduling-f2 ; 45 ; 0.333333
scheduling-f2 ; 45 ; 0.355556
scheduling-f2 ; 45 ; 0.288889
scheduling-f2 ; 45 ; 0.111111
scheduling-f2 ; 45 ; 0.288889
scheduling-f2 ; 45 ; 0.355556
scheduling-f2 ; 45 ; 0.177778
scheduling-f2 ; 45 ; 0.422222
scheduling-f2 ; 45 ; 0.4
scheduling-f2 ; 45 ; 0.222222
scheduling-f2 ; 45 ; 0.222222
scheduling-f2 ; 45 ; 0
scheduling-f2 ; 45 ; 0.244444
scheduling-f2 ; 45 ; 0.0888889
scheduling-f2 ; 45 ; 0.222222
scheduling-f2 ; 45 ; 0.444444
scheduling-f2 ; 45 ; 0.177778
scheduling-f2 ; 45 ; 0.488889
scheduling-f2 ; 45 ; 0.177778
scheduling-f2 ; 45 ; 0.111111
scheduling-f2 ; 45 ; 0.377778
scheduling-f2 ; 45 ; 0.688889
scheduling-f2 ; 45 ; 0.155556
scheduling-f2 ; 45 ; 0.0666667
scheduling-f2 ; 45 ; 0.355556
scheduling-f2 ; 45 ; 0.422222
scheduling-f2 ; 45 ; 0.133333
scheduling-f2 ; 45 ; 0.266667
scheduling-f2 ; 45 ; 0.288889
scheduling-f2 ; 45 ; 0.177778
scheduling-f2 ; 45 ; 0.288889
scheduling-f2 ; 45 ; 0.555556
scheduling-f2 ; 45 ; 0.133333
scheduling-f2 ; 45 ; 0.2
scheduling-f2 ; 45 ; 0.288889
scheduling-f2 ; 45 ; 0.333333
scheduling-f2 ; 45 ; 0.111111
scheduling-f2 ; 45 ; 0.577778
scheduling-f2 ; 45 ; 0.311111
scheduling-f2 ; 45 ; 0.111111
scheduling-f2 ; 45 ; 0.222222
scheduling-f2 ; 45 ; 0.422222
scheduling-f2 ; 45 ; 0.244444
scheduling-f2 ; 45 ; 0.266667
scheduling-f2 ; 45 ; 0.0444444
scheduling-f2 ; 45 ; 0.177778
scheduling-f2 ; 45 ; 0.488889
scheduling-f2 ; 45 ; 0.8
scheduling-f2 ; 45 ; 0.177778
scheduling-f2 ; 45 ; 0.333333
scheduling-f2 ; 45 ; 0.311111
scheduling-f2 ; 45 ; 0.0888889
scheduling-f2 ; 45 ; 0.155556
scheduling-f2 ; 45 ; 0.0666667
scheduling-f2 ; 45 ; 0.6
scheduling-f2 ; 45 ; 0.0444444
scheduling-f2 ; 45 ; 0.266667
scheduling-f2 ; 45 ; 0.444444
scheduling-f2 ; 45 ; 0.0888889
scheduling-f2 ; 45 ; 0.133333
scheduling-f2 ; 45 ; 0.111111
scheduling-f2 ; 45 ; 0.0666667
scheduling-f2 ; 45 ; 0.333333
scheduling-f2 ; 45 ; 0.311111
scheduling-f2 ; 45 ; 0.444444
scheduling-f2 ; 45 ; 0.111111
scheduling-f2 ; 45 ; 0.311111
scheduling-f2 ; 50 ; 0.32
scheduling-f2 ; 50 ; 0.68
scheduling-f2 ; 50 ; 0.28
scheduling-f2 ; 50 ; 0.16
scheduling-f2 ; 50 ; 0.16
scheduling-f2 ; 50 ; 0.2
scheduling-f2 ; 50 ; 0.24
scheduling-f2 ; 50 ; 0.16
scheduling-f2 ; 50 ; 0.16
scheduling-f2 ; 50 ; 0.06
scheduling-f2 ; 50 ; 0.28
scheduling-f2 ; 50 ; 0.4
scheduling-f2 ; 50 ; 0.2
scheduling-f2 ; 50 ; 0.32
scheduling-f2 ; 50 ; 0.18
scheduling-f2 ; 50 ; 0.2
scheduling-f2 ; 50 ; 0.04
scheduling-f2 ; 50 ; 0.16
scheduling-f2 ; 50 ; 0.16
scheduling-f2 ; 50 ; 0.16
scheduling-f2 ; 50 ; 0.16
scheduling-f2 ; 50 ; 0.32
scheduling-f2 ; 50 ; 0.24
scheduling-f2 ; 50 ; 0.12
scheduling-f2 ; 50 ; 0.1
scheduling-f2 ; 50 ; 0.24
scheduling-f2 ; 50 ; 0.16
scheduling-f2 ; 50 ; 0.3
scheduling-f2 ; 50 ; 0.24
scheduling-f2 ; 50 ; 0.32
scheduling-f2 ; 50 ; 0.78
scheduling-f2 ; 50 ; 0.34
scheduling-f2 ; 50 ; 0.24
scheduling-f2 ; 50 ; 0.28
scheduling-f2 ; 50 ; 0.06
scheduling-f2 ; 50 ; 0.22
scheduling-f2 ; 50 ; 0.28
scheduling-f2 ; 50 ; 0.34
scheduling-f2 ; 50 ; 0.56
scheduling-f2 ; 50 ; 0.26
scheduling-f2 ; 50 ; 0.06
scheduling-f2 ; 50 ; 0.12
scheduling-f2 ; 50 ; 0.64
scheduling-f2 ; 50 ; 0.3
scheduling-f2 ; 50 ; 0.1
scheduling-f2 ; 50 ; 0.14
scheduling-f2 ; 50 ; 0.1
scheduling-f2 ; 50 ; 0.14
scheduling-f2 ; 50 ; 0.6
scheduling-f2 ; 50 ; 0.46
scheduling-f2 ; 50 ; 0.2
scheduling-f2 ; 50 ; 0.28
scheduling-f2 ; 50 ; 0.72
scheduling-f2 ; 50 ; 0.64
scheduling-f2 ; 50 ; 0.48
scheduling-f2 ; 50 ; 0.74
scheduling-f2 ; 50 ; 0.3
scheduling-f2 ; 50 ; 0.12
scheduling-f2 ; 50 ; 0.06
scheduling-f2 ; 50 ; 0.14
scheduling-f2 ; 50 ; 0.14
scheduling-f2 ; 50 ; 0.14
scheduling-f2 ; 50 ; 0.74
scheduling-f2 ; 50 ; 0.34
scheduling-f2 ; 50 ; 0.12
scheduling-f2 ; 50 ; 0.04
scheduling-f2 ; 50 ; 0.2
scheduling-f2 ; 50 ; 0.16
scheduling-f2 ; 50 ; 0.78
scheduling-f2 ; 50 ; 0.16
scheduling-f2 ; 50 ; 0.66
scheduling-f2 ; 50 ; 0.22
scheduling-f2 ; 50 ; 0.42
scheduling-f2 ; 50 ; 0.2
scheduling-f2 ; 50 ; 0.22
scheduling-f2 ; 50 ; 0.22
scheduling-f2 ; 50 ; 0.28
scheduling-f2 ; 50 ; 0.06
scheduling-f2 ; 50 ; 0.56
scheduling-f2 ; 50 ; 0.1
scheduling-f2 ; 50 ; 0.62
scheduling-f2 ; 50 ; 0.1
scheduling-f2 ; 50 ; 0.3
scheduling-f2 ; 50 ; 0.24
scheduling-f2 ; 50 ; 0.1
scheduling-f2 ; 50 ; 0.26
scheduling-f2 ; 50 ; 0.3
scheduling-f2 ; 50 ; 0.38
scheduling-f2 ; 50 ; 0.2
scheduling-f2 ; 50 ; 0.26
scheduling-f2 ; 50 ; 0.26
scheduling-f2 ; 50 ; 0.04
scheduling-f2 ; 50 ; 0.08
scheduling-f2 ; 50 ; 0.7
scheduling-f2 ; 50 ; 0.26
scheduling-f2 ; 50 ; 0.06
scheduling-f2 ; 50 ; 0.38
scheduling-f2 ; 50 ; 0.56
scheduling-f2 ; 50 ; 0.42
scheduling-f2 ; 50 ; 0.1
scheduling2-f2 ; 5 ; 0
scheduling2-f2 ; 5 ; 0
scheduling2-f2 ; 5 ; 0
scheduling2-f2 ; 5 ; 0
scheduling2-f2 ; 5 ; 0
scheduling2-f2 ; 5 ; 0
scheduling2-f2 ; 5 ; 0
scheduling2-f2 ; 5 ; 0
scheduling2-f2 ; 5 ; 0
scheduling2-f2 ; 5 ; 0
scheduling2-f2 ; 5 ; 0
scheduling2-f2 ; 5 ; 0
scheduling2-f2 ; 5 ; 0
scheduling2-f2 ; 5 ; 0
scheduling2-f2 ; 5 ; 0
scheduling2-f2 ; 5 ; 0
scheduling2-f2 ; 5 ; 0
scheduling2-f2 ; 5 ; 0
scheduling2-f2 ; 5 ; 0
scheduling2-f2 ; 5 ; 0
scheduling2-f2 ; 5 ; 0
scheduling2-f2 ; 5 ; 0
scheduling2-f2 ; 5 ; 0
scheduling2-f2 ; 5 ; 0
scheduling2-f2 ; 5 ; 0
scheduling2-f2 ; 5 ; 0
scheduling2-f2 ; 5 ; 0
scheduling2-f2 ; 5 ; 0
scheduling2-f2 ; 5 ; 0
scheduling2-f2 ; 5 ; 0
scheduling2-f2 ; 5 ; 0
scheduling2-f2 ; 5 ; 0
scheduling2-f2 ; 5 ; 0
scheduling2-f2 ; 5 ; 0
scheduling2-f2 ; 5 ; 0
scheduling2-f2 ; 5 ; 0
scheduling2-f2 ; 5 ; 0
scheduling2-f2 ; 5 ; 0
scheduling2-f2 ; 5 ; 0
scheduling2-f2 ; 5 ; 0
scheduling2-f2 ; 5 ; 0
scheduling2-f2 ; 5 ; 0
scheduling2-f2 ; 5 ; 0
scheduling2-f2 ; 5 ; 0
scheduling2-f2 ; 5 ; 0
scheduling2-f2 ; 5 ; 0
scheduling2-f2 ; 5 ; 0
scheduling2-f2 ; 5 ; 0
scheduling2-f2 ; 5 ; 0
scheduling2-f2 ; 5 ; 0
scheduling2-f2 ; 5 ; 0
scheduling2-f2 ; 5 ; 0
scheduling2-f2 ; 5 ; 0
scheduling2-f2 ; 5 ; 0
scheduling2-f2 ; 5 ; 0
scheduling2-f2 ; 5 ; 0
scheduling2-f2 ; 5 ; 0
scheduling2-f2 ; 5 ; 0
scheduling2-f2 ; 5 ; 0
scheduling2-f2 ; 5 ; 0
scheduling2-f2 ; 5 ; 0
scheduling2-f2 ; 5 ; 0
scheduling2-f2 ; 5 ; 0
scheduling2-f2 ; 5 ; 0
scheduling2-f2 ; 5 ; 0
scheduling2-f2 ; 5 ; 0
scheduling2-f2 ; 5 ; 0
scheduling2-f2 ; 5 ; 0
scheduling2-f2 ; 5 ; 0
scheduling2-f2 ; 5 ; 0
scheduling2-f2 ; 5 ; 0
scheduling2-f2 ; 5 ; 0
scheduling2-f2 ; 5 ; 0
scheduling2-f2 ; 5 ; 0
scheduling2-f2 ; 5 ; 0
scheduling2-f2 ; 5 ; 0
scheduling2-f2 ; 5 ; 0
scheduling2-f2 ; 5 ; 0
scheduling2-f2 ; 5 ; 0
scheduling2-f2 ; 5 ; 0
scheduling2-f2 ; 5 ; 0
scheduling2-f2 ; 5 ; 0
scheduling2-f2 ; 5 ; 0
scheduling2-f2 ; 5 ; 0
scheduling2-f2 ; 5 ; 0
scheduling2-f2 ; 5 ; 0
scheduling2-f2 ; 5 ; 0
scheduling2-f2 ; 5 ; 0
scheduling2-f2 ; 5 ; 0
scheduling2-f2 ; 5 ; 0
scheduling2-f2 ; 5 ; 0
scheduling2-f2 ; 5 ; 0
scheduling2-f2 ; 5 ; 0
scheduling2-f2 ; 5 ; 0
scheduling2-f2 ; 5 ; 0
scheduling2-f2 ; 5 ; 0
scheduling2-f2 ; 5 ; 0
scheduling2-f2 ; 5 ; 0
scheduling2-f2 ; 5 ; 0
scheduling2-f2 ; 5 ; 0
scheduling2-f2 ; 10 ; 0.4
scheduling2-f2 ; 10 ; 0.4
scheduling2-f2 ; 10 ; 0.4
scheduling2-f2 ; 10 ; 0.3
scheduling2-f2 ; 10 ; 0.4
scheduling2-f2 ; 10 ; 0.4
scheduling2-f2 ; 10 ; 0.4
scheduling2-f2 ; 10 ; 0.4
scheduling2-f2 ; 10 ; 0.4
scheduling2-f2 ; 10 ; 0.4
scheduling2-f2 ; 10 ; 0.4
scheduling2-f2 ; 10 ; 0.4
scheduling2-f2 ; 10 ; 0.4
scheduling2-f2 ; 10 ; 0.4
scheduling2-f2 ; 10 ; 0.4
scheduling2-f2 ; 10 ; 0.3
scheduling2-f2 ; 10 ; 0.4
scheduling2-f2 ; 10 ; 0.4
scheduling2-f2 ; 10 ; 0.4
scheduling2-f2 ; 10 ; 0.4
scheduling2-f2 ; 10 ; 0.4
scheduling2-f2 ; 10 ; 0.4
scheduling2-f2 ; 10 ; 0.3
scheduling2-f2 ; 10 ; 0.4
scheduling2-f2 ; 10 ; 0.4
scheduling2-f2 ; 10 ; 0.4
scheduling2-f2 ; 10 ; 0.4
scheduling2-f2 ; 10 ; 0.4
scheduling2-f2 ; 10 ; 0.3
scheduling2-f2 ; 10 ; 0.4
scheduling2-f2 ; 10 ; 0.4
scheduling2-f2 ; 10 ; 0.4
scheduling2-f2 ; 10 ; 0.4
scheduling2-f2 ; 10 ; 0.4
scheduling2-f2 ; 10 ; 0.4
scheduling2-f2 ; 10 ; 0.4
scheduling2-f2 ; 10 ; 0.3
scheduling2-f2 ; 10 ; 0.4
scheduling2-f2 ; 10 ; 0.4
scheduling2-f2 ; 10 ; 0.4
scheduling2-f2 ; 10 ; 0.4
scheduling2-f2 ; 10 ; 0.4
scheduling2-f2 ; 10 ; 0.4
scheduling2-f2 ; 10 ; 0.4
scheduling2-f2 ; 10 ; 0.4
scheduling2-f2 ; 10 ; 0.4
scheduling2-f2 ; 10 ; 0.4
scheduling2-f2 ; 10 ; 0.4
scheduling2-f2 ; 10 ; 0.4
scheduling2-f2 ; 10 ; 0.4
scheduling2-f2 ; 10 ; 0.4
scheduling2-f2 ; 10 ; 0.4
scheduling2-f2 ; 10 ; 0.4
scheduling2-f2 ; 10 ; 0.4
scheduling2-f2 ; 10 ; 0.3
scheduling2-f2 ; 10 ; 0.4
scheduling2-f2 ; 10 ; 0.4
scheduling2-f2 ; 10 ; 0.4
scheduling2-f2 ; 10 ; 0.3
scheduling2-f2 ; 10 ; 0.4
scheduling2-f2 ; 10 ; 0.4
scheduling2-f2 ; 10 ; 0.4
scheduling2-f2 ; 10 ; 0.4
scheduling2-f2 ; 10 ; 0.4
scheduling2-f2 ; 10 ; 0.4
scheduling2-f2 ; 10 ; 0.4
scheduling2-f2 ; 10 ; 0.4
scheduling2-f2 ; 10 ; 0.4
scheduling2-f2 ; 10 ; 0.4
scheduling2-f2 ; 10 ; 0.4
scheduling2-f2 ; 10 ; 0.4
scheduling2-f2 ; 10 ; 0.4
scheduling2-f2 ; 10 ; 0.4
scheduling2-f2 ; 10 ; 0.4
scheduling2-f2 ; 10 ; 0.4
scheduling2-f2 ; 10 ; 0.4
scheduling2-f2 ; 10 ; 0.4
scheduling2-f2 ; 10 ; 0.4
scheduling2-f2 ; 10 ; 0.4
scheduling2-f2 ; 10 ; 0.4
scheduling2-f2 ; 10 ; 0.4
scheduling2-f2 ; 10 ; 0.4
scheduling2-f2 ; 10 ; 0.4
scheduling2-f2 ; 10 ; 0.4
scheduling2-f2 ; 10 ; 0.4
scheduling2-f2 ; 10 ; 0.4
scheduling2-f2 ; 10 ; 0.4
scheduling2-f2 ; 10 ; 0.4
scheduling2-f2 ; 10 ; 0.4
scheduling2-f2 ; 10 ; 0.4
scheduling2-f2 ; 10 ; 0.4
scheduling2-f2 ; 10 ; 0.4
scheduling2-f2 ; 10 ; 0.4
scheduling2-f2 ; 10 ; 0.4
scheduling2-f2 ; 10 ; 0.4
scheduling2-f2 ; 10 ; 0.4
scheduling2-f2 ; 10 ; 0.4
scheduling2-f2 ; 10 ; 0.4
scheduling2-f2 ; 10 ; 0.4
scheduling2-f2 ; 10 ; 0.4
scheduling2-f2 ; 15 ; 0.2
scheduling2-f2 ; 15 ; 0.2
scheduling2-f2 ; 15 ; 0.333333
scheduling2-f2 ; 15 ; 0.2
scheduling2-f2 ; 15 ; 0.2
scheduling2-f2 ; 15 ; 0.2
scheduling2-f2 ; 15 ; 0.333333
scheduling2-f2 ; 15 ; 0.333333
scheduling2-f2 ; 15 ; 0.333333
scheduling2-f2 ; 15 ; 0.2
scheduling2-f2 ; 15 ; 0.2
scheduling2-f2 ; 15 ; 0.2
scheduling2-f2 ; 15 ; 0.2
scheduling2-f2 ; 15 ; 0.2
scheduling2-f2 ; 15 ; 0.333333
scheduling2-f2 ; 15 ; 0.2
scheduling2-f2 ; 15 ; 0.333333
scheduling2-f2 ; 15 ; 0.333333
scheduling2-f2 ; 15 ; 0.333333
scheduling2-f2 ; 15 ; 0.333333
scheduling2-f2 ; 15 ; 0.333333
scheduling2-f2 ; 15 ; 0.2
scheduling2-f2 ; 15 ; 0.2
scheduling2-f2 ; 15 ; 0.333333
scheduling2-f2 ; 15 ; 0.333333
scheduling2-f2 ; 15 ; 0.2
scheduling2-f2 ; 15 ; 0.2
scheduling2-f2 ; 15 ; 0.2
scheduling2-f2 ; 15 ; 0.333333
scheduling2-f2 ; 15 ; 0.2
scheduling2-f2 ; 15 ; 0.2
scheduling2-f2 ; 15 ; 0.2
scheduling2-f2 ; 15 ; 0.333333
scheduling2-f2 ; 15 ; 0.2
scheduling2-f2 ; 15 ; 0.2
scheduling2-f2 ; 15 ; 0.333333
scheduling2-f2 ; 15 ; 0.2
scheduling2-f2 ; 15 ; 0.333333
scheduling2-f2 ; 15 ; 0.333333
scheduling2-f2 ; 15 ; 0.2
scheduling2-f2 ; 15 ; 0.2
scheduling2-f2 ; 15 ; 0.333333
scheduling2-f2 ; 15 ; 0.333333
scheduling2-f2 ; 15 ; 0.2
scheduling2-f2 ; 15 ; 0.333333
scheduling2-f2 ; 15 ; 0.2
scheduling2-f2 ; 15 ; 0.2
scheduling2-f2 ; 15 ; 0.333333
scheduling2-f2 ; 15 ; 0.333333
scheduling2-f2 ; 15 ; 0.2
scheduling2-f2 ; 15 ; 0.333333
scheduling2-f2 ; 15 ; 0.2
scheduling2-f2 ; 15 ; 0.333333
scheduling2-f2 ; 15 ; 0.2
scheduling2-f2 ; 15 ; 0.333333
scheduling2-f2 ; 15 ; 0.2
scheduling2-f2 ; 15 ; 0.2
scheduling2-f2 ; 15 ; 0.333333
scheduling2-f2 ; 15 ; 0.333333
scheduling2-f2 ; 15 ; 0.2
scheduling2-f2 ; 15 ; 0.333333
scheduling2-f2 ; 15 ; 0.2
scheduling2-f2 ; 15 ; 0.2
scheduling2-f2 ; 15 ; 0.2
scheduling2-f2 ; 15 ; 0.2
scheduling2-f2 ; 15 ; 0.2
scheduling2-f2 ; 15 ; 0.2
scheduling2-f2 ; 15 ; 0.333333
scheduling2-f2 ; 15 ; 0.2
scheduling2-f2 ; 15 ; 0.333333
scheduling2-f2 ; 15 ; 0.2
scheduling2-f2 ; 15 ; 0.333333
scheduling2-f2 ; 15 ; 0.2
scheduling2-f2 ; 15 ; 0.333333
scheduling2-f2 ; 15 ; 0.2
scheduling2-f2 ; 15 ; 0.333333
scheduling2-f2 ; 15 ; 0.333333
scheduling2-f2 ; 15 ; 0.2
scheduling2-f2 ; 15 ; 0.333333
scheduling2-f2 ; 15 ; 0.333333
scheduling2-f2 ; 15 ; 0.333333
scheduling2-f2 ; 15 ; 0.333333
scheduling2-f2 ; 15 ; 0.333333
scheduling2-f2 ; 15 ; 0.2
scheduling2-f2 ; 15 ; 0.333333
scheduling2-f2 ; 15 ; 0.333333
scheduling2-f2 ; 15 ; 0.333333
scheduling2-f2 ; 15 ; 0.333333
scheduling2-f2 ; 15 ; 0.333333
scheduling2-f2 ; 15 ; 0.333333
scheduling2-f2 ; 15 ; 0.2
scheduling2-f2 ; 15 ; 0.333333
scheduling2-f2 ; 15 ; 0.2
scheduling2-f2 ; 15 ; 0.2
scheduling2-f2 ; 15 ; 0.333333
scheduling2-f2 ; 15 ; 0.333333
scheduling2-f2 ; 15 ; 0.333333
scheduling2-f2 ; 15 ; 0.2
scheduling2-f2 ; 15 ; 0.333333
scheduling2-f2 ; 15 ; 0.2
scheduling2-f2 ; 20 ; 0.4
scheduling2-f2 ; 20 ; 0.35
scheduling2-f2 ; 20 ; 0.4
scheduling2-f2 ; 20 ; 0.4
scheduling2-f2 ; 20 ; 0.35
scheduling2-f2 ; 20 ; 0.4
scheduling2-f2 ; 20 ; 0.4
scheduling2-f2 ; 20 ; 0.35
scheduling2-f2 ; 20 ; 0.4
scheduling2-f2 ; 20 ; 0.35
scheduling2-f2 ; 20 ; 0.35
scheduling2-f2 ; 20 ; 0.4
scheduling2-f2 ; 20 ; 0.4
scheduling2-f2 ; 20 ; 0.4
scheduling2-f2 ; 20 ; 0.35
scheduling2-f2 ; 20 ; 0.4
scheduling2-f2 ; 20 ; 0.35
scheduling2-f2 ; 20 ; 0.25
scheduling2-f2 ; 20 ; 0.35
scheduling2-f2 ; 20 ; 0.4
scheduling2-f2 ; 20 ; 0.35
scheduling2-f2 ; 20 ; 0.45
scheduling2-f2 ; 20 ; 0.4
scheduling2-f2 ; 20 ; 0.4
scheduling2-f2 ; 20 ; 0.4
scheduling2-f2 ; 20 ; 0.35
scheduling2-f2 ; 20 ; 0.4
scheduling2-f2 ; 20 ; 0.35
scheduling2-f2 ; 20 ; 0.3
scheduling2-f2 ; 20 ; 0.35
scheduling2-f2 ; 20 ; 0.35
scheduling2-f2 ; 20 ; 0.4
scheduling2-f2 ; 20 ; 0.35
scheduling2-f2 ; 20 ; 0.4
scheduling2-f2 ; 20 ; 0.35
scheduling2-f2 ; 20 ; 0.35
scheduling2-f2 ; 20 ; 0.35
scheduling2-f2 ; 20 ; 0.4
scheduling2-f2 ; 20 ; 0.4
scheduling2-f2 ; 20 ; 0.35
scheduling2-f2 ; 20 ; 0.4
scheduling2-f2 ; 20 ; 0.25
scheduling2-f2 ; 20 ; 0.35
scheduling2-f2 ; 20 ; 0.45
scheduling2-f2 ; 20 ; 0.35
scheduling2-f2 ; 20 ; 0.4
scheduling2-f2 ; 20 ; 0.35
scheduling2-f2 ; 20 ; 0.4
scheduling2-f2 ; 20 ; 0.4
scheduling2-f2 ; 20 ; 0.35
scheduling2-f2 ; 20 ; 0.4
scheduling2-f2 ; 20 ; 0.35
scheduling2-f2 ; 20 ; 0.35
scheduling2-f2 ; 20 ; 0.35
scheduling2-f2 ; 20 ; 0.35
scheduling2-f2 ; 20 ; 0.4
scheduling2-f2 ; 20 ; 0.35
scheduling2-f2 ; 20 ; 0.4
scheduling2-f2 ; 20 ; 0.35
scheduling2-f2 ; 20 ; 0.35
scheduling2-f2 ; 20 ; 0.35
scheduling2-f2 ; 20 ; 0.35
scheduling2-f2 ; 20 ; 0.35
scheduling2-f2 ; 20 ; 0.35
scheduling2-f2 ; 20 ; 0.35
scheduling2-f2 ; 20 ; 0.4
scheduling2-f2 ; 20 ; 0.4
scheduling2-f2 ; 20 ; 0.4
scheduling2-f2 ; 20 ; 0.35
scheduling2-f2 ; 20 ; 0.35
scheduling2-f2 ; 20 ; 0.35
scheduling2-f2 ; 20 ; 0.35
scheduling2-f2 ; 20 ; 0.4
scheduling2-f2 ; 20 ; 0.35
scheduling2-f2 ; 20 ; 0.4
scheduling2-f2 ; 20 ; 0.45
scheduling2-f2 ; 20 ; 0.35
scheduling2-f2 ; 20 ; 0.35
scheduling2-f2 ; 20 ; 0.35
scheduling2-f2 ; 20 ; 0.35
scheduling2-f2 ; 20 ; 0.35
scheduling2-f2 ; 20 ; 0.35
scheduling2-f2 ; 20 ; 0.35
scheduling2-f2 ; 20 ; 0.4
scheduling2-f2 ; 20 ; 0.4
scheduling2-f2 ; 20 ; 0.4
scheduling2-f2 ; 20 ; 0.4
scheduling2-f2 ; 20 ; 0.35
scheduling2-f2 ; 20 ; 0.4
scheduling2-f2 ; 20 ; 0.4
scheduling2-f2 ; 20 ; 0.35
scheduling2-f2 ; 20 ; 0.35
scheduling2-f2 ; 20 ; 0.4
scheduling2-f2 ; 20 ; 0.35
scheduling2-f2 ; 20 ; 0.45
scheduling2-f2 ; 20 ; 0.4
scheduling2-f2 ; 20 ; 0.3
scheduling2-f2 ; 20 ; 0.35
scheduling2-f2 ; 20 ; 0.35
scheduling2-f2 ; 20 ; 0.4
scheduling2-f2 ; 25 ; 0.2
scheduling2-f2 ; 25 ; 0.44
scheduling2-f2 ; 25 ; 0.24
scheduling2-f2 ; 25 ; 0.28
scheduling2-f2 ; 25 ; 0.16
scheduling2-f2 ; 25 ; 0.2
scheduling2-f2 ; 25 ; 0.4
scheduling2-f2 ; 25 ; 0.4
scheduling2-f2 ; 25 ; 0.2
scheduling2-f2 ; 25 ; 0.32
scheduling2-f2 ; 25 ; 0.32
scheduling2-f2 ; 25 ; 0.32
scheduling2-f2 ; 25 ; 0.24
scheduling2-f2 ; 25 ; 0.28
scheduling2-f2 ; 25 ; 0.12
scheduling2-f2 ; 25 ; 0.28
scheduling2-f2 ; 25 ; 0.4
scheduling2-f2 ; 25 ; 0.32
scheduling2-f2 ; 25 ; 0.24
scheduling2-f2 ; 25 ; 0.36
scheduling2-f2 ; 25 ; 0.28
scheduling2-f2 ; 25 ; 0.24
scheduling2-f2 ; 25 ; 0.44
scheduling2-f2 ; 25 ; 0.44
scheduling2-f2 ; 25 ; 0.2
scheduling2-f2 ; 25 ; 0.16
scheduling2-f2 ; 25 ; 0.48
scheduling2-f2 ; 25 ; 0.16
scheduling2-f2 ; 25 ; 0.2
scheduling2-f2 ; 25 ; 0.16
scheduling2-f2 ; 25 ; 0.12
scheduling2-f2 ; 25 ; 0.2
scheduling2-f2 ; 25 ; 0.32
scheduling2-f2 ; 25 ; 0.24
scheduling2-f2 ; 25 ; 0.08
scheduling2-f2 ; 25 ; 0.48
scheduling2-f2 ; 25 ; 0.52
scheduling2-f2 ; 25 ; 0.52
scheduling2-f2 ; 25 ; 0.2
scheduling2-f2 ; 25 ; 0.24
scheduling2-f2 ; 25 ; 0.56
scheduling2-f2 ; 25 ; 0.16
scheduling2-f2 ; 25 ; 0.2
scheduling2-f2 ; 25 ; 0.12
scheduling2-f2 ; 25 ; 0.44
scheduling2-f2 ; 25 ; 0.4
scheduling2-f2 ; 25 ; 0.28
scheduling2-f2 ; 25 ; 0.28
scheduling2-f2 ; 25 ; 0.16
scheduling2-f2 ; 25 ; 0.24
scheduling2-f2 ; 25 ; 0.2
scheduling2-f2 ; 25 ; 0.28
scheduling2-f2 ; 25 ; 0.48
scheduling2-f2 ; 25 ; 0.08
scheduling2-f2 ; 25 ; 0.28
scheduling2-f2 ; 25 ; 0.2
scheduling2-f2 ; 25 ; 0.36
scheduling2-f2 ; 25 ; 0.36
scheduling2-f2 ; 25 ; 0.16
scheduling2-f2 ; 25 ; 0.04
scheduling2-f2 ; 25 ; 0.44
scheduling2-f2 ; 25 ; 0.2
scheduling2-f2 ; 25 ; 0.28
scheduling2-f2 ; 25 ; 0.2
scheduling2-f2 ; 25 ; 0.24
scheduling2-f2 ; 25 ; 0.08
scheduling2-f2 ; 25 ; 0.36
scheduling2-f2 ; 25 ; 0.2
scheduling2-f2 ; 25 ; 0.28
scheduling2-f2 ; 25 ; 0.2
scheduling2-f2 ; 25 ; 0.2
scheduling2-f2 ; 25 ; 0.28
scheduling2-f2 ; 25 ; 0.4
scheduling2-f2 ; 25 ; 0.28
scheduling2-f2 ; 25 ; 0.28
scheduling2-f2 ; 25 ; 0.04
scheduling2-f2 ; 25 ; 0.4
scheduling2-f2 ; 25 ; 0.2
scheduling2-f2 ; 25 ; 0.24
scheduling2-f2 ; 25 ; 0.52
scheduling2-f2 ; 25 ; 0.4
scheduling2-f2 ; 25 ; 0.44
scheduling2-f2 ; 25 ; 0.28
scheduling2-f2 ; 25 ; 0.24
scheduling2-f2 ; 25 ; 0.48
scheduling2-f2 ; 25 ; 0.12
scheduling2-f2 ; 25 ; 0.28
scheduling2-f2 ; 25 ; 0.24
scheduling2-f2 ; 25 ; 0.2
scheduling2-f2 ; 25 ; 0.28
scheduling2-f2 ; 25 ; 0.28
scheduling2-f2 ; 25 ; 0.36
scheduling2-f2 ; 25 ; 0.32
scheduling2-f2 ; 25 ; 0.12
scheduling2-f2 ; 25 ; 0.44
scheduling2-f2 ; 25 ; 0.16
scheduling2-f2 ; 25 ; 0.16
scheduling2-f2 ; 25 ; 0.36
scheduling2-f2 ; 25 ; 0.44
scheduling2-f2 ; 25 ; 0.32
scheduling2-f2 ; 30 ; 0.266667
scheduling2-f2 ; 30 ; 0.5
scheduling2-f2 ; 30 ; 0.6
scheduling2-f2 ; 30 ; 0.2
scheduling2-f2 ; 30 ; 0.366667
scheduling2-f2 ; 30 ; 0.433333
scheduling2-f2 ; 30 ; 0.133333
scheduling2-f2 ; 30 ; 0.433333
scheduling2-f2 ; 30 ; 0.333333
scheduling2-f2 ; 30 ; 0.566667
scheduling2-f2 ; 30 ; 0.2
scheduling2-f2 ; 30 ; 0.666667
scheduling2-f2 ; 30 ; 0.2
scheduling2-f2 ; 30 ; 0.4
scheduling2-f2 ; 30 ; 0.2
scheduling2-f2 ; 30 ; 0.166667
scheduling2-f2 ; 30 ; 0.633333
scheduling2-f2 ; 30 ; 0.4
scheduling2-f2 ; 30 ; 0.366667
scheduling2-f2 ; 30 ; 0.366667
scheduling2-f2 ; 30 ; 0.5
scheduling2-f2 ; 30 ; 0.466667
scheduling2-f2 ; 30 ; 0.5
scheduling2-f2 ; 30 ; 0.566667
scheduling2-f2 ; 30 ; 0.2
scheduling2-f2 ; 30 ; 0.3
scheduling2-f2 ; 30 ; 0.133333
scheduling2-f2 ; 30 ; 0.4
scheduling2-f2 ; 30 ; 0.0666667
scheduling2-f2 ; 30 ; 0.433333
scheduling2-f2 ; 30 ; 0.366667
scheduling2-f2 ; 30 ; 0.6
scheduling2-f2 ; 30 ; 0.0666667
scheduling2-f2 ; 30 ; 0.266667
scheduling2-f2 ; 30 ; 0.366667
scheduling2-f2 ; 30 ; 0.166667
scheduling2-f2 ; 30 ; 0.5
scheduling2-f2 ; 30 ; 0.4
scheduling2-f2 ; 30 ; 0.366667
scheduling2-f2 ; 30 ; 0.333333
scheduling2-f2 ; 30 ; 0.5
scheduling2-f2 ; 30 ; 0.333333
scheduling2-f2 ; 30 ; 0.366667
scheduling2-f2 ; 30 ; 0.133333
scheduling2-f2 ; 30 ; 0.333333
scheduling2-f2 ; 30 ; 0.133333
scheduling2-f2 ; 30 ; 0.233333
scheduling2-f2 ; 30 ; 0.5
scheduling2-f2 ; 30 ; 0.5
scheduling2-f2 ; 30 ; 0.166667
scheduling2-f2 ; 30 ; 0.5
scheduling2-f2 ; 30 ; 0.433333
scheduling2-f2 ; 30 ; 0.6
scheduling2-f2 ; 30 ; 0.533333
scheduling2-f2 ; 30 ; 0.366667
scheduling2-f2 ; 30 ; 0.4
scheduling2-f2 ; 30 ; 0.533333
scheduling2-f2 ; 30 ; 0.4
scheduling2-f2 ; 30 ; 0.166667
scheduling2-f2 ; 30 ; 0.433333
scheduling2-f2 ; 30 ; 0.333333
scheduling2-f2 ; 30 ; 0.6
scheduling2-f2 ; 30 ; 0.266667
scheduling2-f2 ; 30 ; 0.2
scheduling2-f2 ; 30 ; 0.566667
scheduling2-f2 ; 30 ; 0.333333
scheduling2-f2 ; 30 ; 0.1
scheduling2-f2 ; 30 ; 0.633333
scheduling2-f2 ; 30 ; 0.466667
scheduling2-f2 ; 30 ; 0.433333
scheduling2-f2 ; 30 ; 0.333333
scheduling2-f2 ; 30 ; 0.566667
scheduling2-f2 ; 30 ; 0.3
scheduling2-f2 ; 30 ; 0.366667
scheduling2-f2 ; 30 ; 0.4
scheduling2-f2 ; 30 ; 0.366667
scheduling2-f2 ; 30 ; 0.533333
scheduling2-f2 ; 30 ; 0.0666667
scheduling2-f2 ; 30 ; 0.133333
scheduling2-f2 ; 30 ; 0.533333
scheduling2-f2 ; 30 ; 0.433333
scheduling2-f2 ; 30 ; 0.333333
scheduling2-f2 ; 30 ; 0.5
scheduling2-f2 ; 30 ; 0.2
scheduling2-f2 ; 30 ; 0.433333
scheduling2-f2 ; 30 ; 0.466667
scheduling2-f2 ; 30 ; 0.133333
scheduling2-f2 ; 30 ; 0.433333
scheduling2-f2 ; 30 ; 0.466667
scheduling2-f2 ; 30 ; 0.1
scheduling2-f2 ; 30 ; 0.466667
scheduling2-f2 ; 30 ; 0.466667
scheduling2-f2 ; 30 ; 0.333333
scheduling2-f2 ; 30 ; 0.5
scheduling2-f2 ; 30 ; 0.266667
scheduling2-f2 ; 30 ; 0.566667
scheduling2-f2 ; 30 ; 0.5
scheduling2-f2 ; 30 ; 0.133333
scheduling2-f2 ; 30 ; 0.5
scheduling2-f2 ; 30 ; 0.266667
scheduling2-f2 ; 35 ; 0.428571
scheduling2-f2 ; 35 ; 0.0571429
scheduling2-f2 ; 35 ; 0.285714
scheduling2-f2 ; 35 ; 0.171429
scheduling2-f2 ; 35 ; 0.142857
scheduling2-f2 ; 35 ; 0.342857
scheduling2-f2 ; 35 ; 0.428571
scheduling2-f2 ; 35 ; 0.371429
scheduling2-f2 ; 35 ; 0.4
scheduling2-f2 ; 35 ; 0.2
scheduling2-f2 ; 35 ; 0.485714
scheduling2-f2 ; 35 ; 0.4
scheduling2-f2 ; 35 ; 0.285714
scheduling2-f2 ; 35 ; 0.571429
scheduling2-f2 ; 35 ; 0.342857
scheduling2-f2 ; 35 ; 0.657143
scheduling2-f2 ; 35 ; 0.342857
scheduling2-f2 ; 35 ; 0.485714
scheduling2-f2 ; 35 ; 0.142857
scheduling2-f2 ; 35 ; 0.228571
scheduling2-f2 ; 35 ; 0.485714
scheduling2-f2 ; 35 ; 0.571429
scheduling2-f2 ; 35 ; 0.514286
scheduling2-f2 ; 35 ; 0.257143
scheduling2-f2 ; 35 ; 0.485714
scheduling2-f2 ; 35 ; 0.4
scheduling2-f2 ; 35 ; 0.485714
scheduling2-f2 ; 35 ; 0.4
scheduling2-f2 ; 35 ; 0.228571
scheduling2-f2 ; 35 ; 0.571429
scheduling2-f2 ; 35 ; 0.342857
scheduling2-f2 ; 35 ; 0.371429
scheduling2-f2 ; 35 ; 0.4
scheduling2-f2 ; 35 ; 0.371429
scheduling2-f2 ; 35 ; 0.485714
scheduling2-f2 ; 35 ; 0.457143
scheduling2-f2 ; 35 ; 0.457143
scheduling2-f2 ; 35 ; 0.285714
scheduling2-f2 ; 35 ; 0.428571
scheduling2-f2 ; 35 ; 0.314286
scheduling2-f2 ; 35 ; 0.485714
scheduling2-f2 ; 35 ; 0.342857
scheduling2-f2 ; 35 ; 0.428571
scheduling2-f2 ; 35 ; 0.342857
scheduling2-f2 ; 35 ; 0.714286
scheduling2-f2 ; 35 ; 0.285714
scheduling2-f2 ; 35 ; 0.6
scheduling2-f2 ; 35 ; 0.2
scheduling2-f2 ; 35 ; 0.314286
scheduling2-f2 ; 35 ; 0.428571
scheduling2-f2 ; 35 ; 0.2
scheduling2-f2 ; 35 ; 0.371429
scheduling2-f2 ; 35 ; 0.342857
scheduling2-f2 ; 35 ; 0.514286
scheduling2-f2 ; 35 ; 0.4
scheduling2-f2 ; 35 ; 0.0857143
scheduling2-f2 ; 35 ; 0.428571
scheduling2-f2 ; 35 ; 0.314286
scheduling2-f2 ; 35 ; 0.457143
scheduling2-f2 ; 35 ; 0.2
scheduling2-f2 ; 35 ; 0.4
scheduling2-f2 ; 35 ; 0.228571
scheduling2-f2 ; 35 ; 0.571429
scheduling2-f2 ; 35 ; 0.514286
scheduling2-f2 ; 35 ; 0.142857
scheduling2-f2 ; 35 ; 0.314286
scheduling2-f2 ; 35 ; 0.514286
scheduling2-f2 ; 35 ; 0.371429
scheduling2-f2 ; 35 ; 0.514286
scheduling2-f2 ; 35 ; 0.2
scheduling2-f2 ; 35 ; 0.2
scheduling2-f2 ; 35 ; 0.457143
scheduling2-f2 ; 35 ; 0.257143
scheduling2-f2 ; 35 ; 0.285714
scheduling2-f2 ; 35 ; 0.542857
scheduling2-f2 ; 35 ; 0.514286
scheduling2-f2 ; 35 ; 0.171429
scheduling2-f2 ; 35 ; 0.457143
scheduling2-f2 ; 35 ; 0.142857
scheduling2-f2 ; 35 ; 0.542857
scheduling2-f2 ; 35 ; 0.0857143
scheduling2-f2 ; 35 ; 0.514286
scheduling2-f2 ; 35 ; 0.342857
scheduling2-f2 ; 35 ; 0.371429
scheduling2-f2 ; 35 ; 0.257143
scheduling2-f2 ; 35 ; 0.285714
scheduling2-f2 ; 35 ; 0.485714
scheduling2-f2 ; 35 ; 0.0857143
scheduling2-f2 ; 35 ; 0.428571
scheduling2-f2 ; 35 ; 0.371429
scheduling2-f2 ; 35 ; 0.542857
scheduling2-f2 ; 35 ; 0.314286
scheduling2-f2 ; 35 ; 0.142857
scheduling2-f2 ; 35 ; 0.542857
scheduling2-f2 ; 35 ; 0.142857
scheduling2-f2 ; 35 ; 0.4
scheduling2-f2 ; 35 ; 0.342857
scheduling2-f2 ; 35 ; 0.628571
scheduling2-f2 ; 35 ; 0.342857
scheduling2-f2 ; 35 ; 0.485714
scheduling2-f2 ; 40 ; 0.175
scheduling2-f2 ; 40 ; 0.425
scheduling2-f2 ; 40 ; 0.3
scheduling2-f2 ; 40 ; 0.3
scheduling2-f2 ; 40 ; 0.35
scheduling2-f2 ; 40 ; 0.15
scheduling2-f2 ; 40 ; 0.175
scheduling2-f2 ; 40 ; 0.475
scheduling2-f2 ; 40 ; 0.05
scheduling2-f2 ; 40 ; 0.35
scheduling2-f2 ; 40 ; 0.075
scheduling2-f2 ; 40 ; 0.075
scheduling2-f2 ; 40 ; 0.45
scheduling2-f2 ; 40 ; 0.3
scheduling2-f2 ; 40 ; 0.55
scheduling2-f2 ; 40 ; 0.25
scheduling2-f2 ; 40 ; 0.125
scheduling2-f2 ; 40 ; 0.4
scheduling2-f2 ; 40 ; 0.375
scheduling2-f2 ; 40 ; 0.4
scheduling2-f2 ; 40 ; 0.475
scheduling2-f2 ; 40 ; 0.525
scheduling2-f2 ; 40 ; 0.375
scheduling2-f2 ; 40 ; 0.275
scheduling2-f2 ; 40 ; 0.325
scheduling2-f2 ; 40 ; 0.125
scheduling2-f2 ; 40 ; 0.275
scheduling2-f2 ; 40 ; 0.325
scheduling2-f2 ; 40 ; 0.225
scheduling2-f2 ; 40 ; 0.45
scheduling2-f2 ; 40 ; 0.225
scheduling2-f2 ; 40 ; 0.425
scheduling2-f2 ; 40 ; 0.175
scheduling2-f2 ; 40 ; 0.175
scheduling2-f2 ; 40 ; 0.175
scheduling2-f2 ; 40 ; 0.1
scheduling2-f2 ; 40 ; 0.075
scheduling2-f2 ; 40 ; 0.1
scheduling2-f2 ; 40 ; 0.275
scheduling2-f2 ; 40 ; 0.125
scheduling2-f2 ; 40 ; 0.3
scheduling2-f2 ; 40 ; 0.075
scheduling2-f2 ; 40 ; 0.35
scheduling2-f2 ; 40 ; 0.375
scheduling2-f2 ; 40 ; 0.4
scheduling2-f2 ; 40 ; 0.15
scheduling2-f2 ; 40 ; 0.5
scheduling2-f2 ; 40 ; 0.125
scheduling2-f2 ; 40 ; 0.1
scheduling2-f2 ; 40 ; 0.55
scheduling2-f2 ; 40 ; 0.275
scheduling2-f2 ; 40 ; 0.4
scheduling2-f2 ; 40 ; 0.1
scheduling2-f2 ; 40 ; 0.275
scheduling2-f2 ; 40 ; 0.2
scheduling2-f2 ; 40 ; 0.55
scheduling2-f2 ; 40 ; 0.125
scheduling2-f2 ; 40 ; 0.225
scheduling2-f2 ; 40 ; 0.275
scheduling2-f2 ; 40 ; 0.1
scheduling2-f2 ; 40 ; 0.35
scheduling2-f2 ; 40 ; 0.225
scheduling2-f2 ; 40 ; 0.375
scheduling2-f2 ; 40 ; 0.2
scheduling2-f2 ; 40 ; 0.25
scheduling2-f2 ; 40 ; 0.6
scheduling2-f2 ; 40 ; 0.025
scheduling2-f2 ; 40 ; 0.4
scheduling2-f2 ; 40 ; 0.075
scheduling2-f2 ; 40 ; 0.1
scheduling2-f2 ; 40 ; 0.15
scheduling2-f2 ; 40 ; 0.525
scheduling2-f2 ; 40 ; 0.325
scheduling2-f2 ; 40 ; 0.325
scheduling2-f2 ; 40 ; 0.275
scheduling2-f2 ; 40 ; 0.625
scheduling2-f2 ; 40 ; 0.175
scheduling2-f2 ; 40 ; 0.35
scheduling2-f2 ; 40 ; 0.4
scheduling2-f2 ; 40 ; 0.45
scheduling2-f2 ; 40 ; 0.1
scheduling2-f2 ; 40 ; 0.225
scheduling2-f2 ; 40 ; 0.1
scheduling2-f2 ; 40 ; 0.4
scheduling2-f2 ; 40 ; 0.225
scheduling2-f2 ; 40 ; 0.05
scheduling2-f2 ; 40 ; 0.175
scheduling2-f2 ; 40 ; 0.05
scheduling2-f2 ; 40 ; 0.375
scheduling2-f2 ; 40 ; 0.375
scheduling2-f2 ; 40 ; 0.125
scheduling2-f2 ; 40 ; 0.1
scheduling2-f2 ; 40 ; 0.325
scheduling2-f2 ; 40 ; 0.45
scheduling2-f2 ; 40 ; 0.225
scheduling2-f2 ; 40 ; 0.275
scheduling2-f2 ; 40 ; 0.15
scheduling2-f2 ; 40 ; 0.3
scheduling2-f2 ; 40 ; 0.475
scheduling2-f2 ; 40 ; 0.475
scheduling2-f2 ; 45 ; 0.155556
scheduling2-f2 ; 45 ; 0.2
scheduling2-f2 ; 45 ; 0.155556
scheduling2-f2 ; 45 ; 0.222222
scheduling2-f2 ; 45 ; 0.0888889
scheduling2-f2 ; 45 ; 0.444444
scheduling2-f2 ; 45 ; 0.244444
scheduling2-f2 ; 45 ; 0.377778
scheduling2-f2 ; 45 ; 0.2
scheduling2-f2 ; 45 ; 0.311111
scheduling2-f2 ; 45 ; 0.266667
scheduling2-f2 ; 45 ; 0.355556
scheduling2-f2 ; 45 ; 0.644444
scheduling2-f2 ; 45 ; 0.288889
scheduling2-f2 ; 45 ; 0.222222
scheduling2-f2 ; 45 ; 0.244444
scheduling2-f2 ; 45 ; 0.311111
scheduling2-f2 ; 45 ; 0.311111
scheduling2-f2 ; 45 ; 0.244444
scheduling2-f2 ; 45 ; 0.133333
scheduling2-f2 ; 45 ; 0.244444
scheduling2-f2 ; 45 ; 0.111111
scheduling2-f2 ; 45 ; 0.133333
scheduling2-f2 ; 45 ; 0.288889
scheduling2-f2 ; 45 ; 0.0444444
scheduling2-f2 ; 45 ; 0.133333
scheduling2-f2 ; 45 ; 0.355556
scheduling2-f2 ; 45 ; 0.311111
scheduling2-f2 ; 45 ; 0.133333
scheduling2-f2 ; 45 ; 0.0666667
scheduling2-f2 ; 45 ; 0.2
scheduling2-f2 ; 45 ; 0.2
scheduling2-f2 ; 45 ; 0.133333
scheduling2-f2 ; 45 ; 0.333333
scheduling2-f2 ; 45 ; 0.355556
scheduling2-f2 ; 45 ; 0.288889
scheduling2-f2 ; 45 ; 0.111111
scheduling2-f2 ; 45 ; 0.288889
scheduling2-f2 ; 45 ; 0.355556
scheduling2-f2 ; 45 ; 0.177778
scheduling2-f2 ; 45 ; 0.422222
scheduling2-f2 ; 45 ; 0.4
scheduling2-f2 ; 45 ; 0.222222
scheduling2-f2 ; 45 ; 0.222222
scheduling2-f2 ; 45 ; 0
scheduling2-f2 ; 45 ; 0.244444
scheduling2-f2 ; 45 ; 0.0888889
scheduling2-f2 ; 45 ; 0.222222
scheduling2-f2 ; 45 ; 0.444444
scheduling2-f2 ; 45 ; 0.177778
scheduling2-f2 ; 45 ; 0.488889
scheduling2-f2 ; 45 ; 0.177778
scheduling2-f2 ; 45 ; 0.111111
scheduling2-f2 ; 45 ; 0.377778
scheduling2-f2 ; 45 ; 0.533333
scheduling2-f2 ; 45 ; 0.155556
scheduling2-f2 ; 45 ; 0.0666667
scheduling2-f2 ; 45 ; 0.355556
scheduling2-f2 ; 45 ; 0.422222
scheduling2-f2 ; 45 ; 0.133333
scheduling2-f2 ; 45 ; 0.266667
scheduling2-f2 ; 45 ; 0.288889
scheduling2-f2 ; 45 ; 0.177778
scheduling2-f2 ; 45 ; 0.288889
scheduling2-f2 ; 45 ; 0.444444
scheduling2-f2 ; 45 ; 0.133333
scheduling2-f2 ; 45 ; 0.2
scheduling2-f2 ; 45 ; 0.288889
scheduling2-f2 ; 45 ; 0.333333
scheduling2-f2 ; 45 ; 0.111111
scheduling2-f2 ; 45 ; 0.577778
scheduling2-f2 ; 45 ; 0.311111
scheduling2-f2 ; 45 ; 0.111111
scheduling2-f2 ; 45 ; 0.222222
scheduling2-f2 ; 45 ; 0.422222
scheduling2-f2 ; 45 ; 0.244444
scheduling2-f2 ; 45 ; 0.266667
scheduling2-f2 ; 45 ; 0.0444444
scheduling2-f2 ; 45 ; 0.177778
scheduling2-f2 ; 45 ; 0.488889
scheduling2-f2 ; 45 ; 0.377778
scheduling2-f2 ; 45 ; 0.177778
scheduling2-f2 ; 45 ; 0.333333
scheduling2-f2 ; 45 ; 0.311111
scheduling2-f2 ; 45 ; 0.0888889
scheduling2-f2 ; 45 ; 0.155556
scheduling2-f2 ; 45 ; 0.0666667
scheduling2-f2 ; 45 ; 0.6
scheduling2-f2 ; 45 ; 0.0444444
scheduling2-f2 ; 45 ; 0.266667
scheduling2-f2 ; 45 ; 0.444444
scheduling2-f2 ; 45 ; 0.0888889
scheduling2-f2 ; 45 ; 0.133333
scheduling2-f2 ; 45 ; 0.111111
scheduling2-f2 ; 45 ; 0.0666667
scheduling2-f2 ; 45 ; 0.333333
scheduling2-f2 ; 45 ; 0.311111
scheduling2-f2 ; 45 ; 0.444444
scheduling2-f2 ; 45 ; 0.111111
scheduling2-f2 ; 45 ; 0.311111
scheduling2-f2 ; 50 ; 0.32
scheduling2-f2 ; 50 ; 0.18
scheduling2-f2 ; 50 ; 0.28
scheduling2-f2 ; 50 ; 0.16
scheduling2-f2 ; 50 ; 0.16
scheduling2-f2 ; 50 ; 0.2
scheduling2-f2 ; 50 ; 0.24
scheduling2-f2 ; 50 ; 0.16
scheduling2-f2 ; 50 ; 0.16
scheduling2-f2 ; 50 ; 0.06
scheduling2-f2 ; 50 ; 0.28
scheduling2-f2 ; 50 ; 0.4
scheduling2-f2 ; 50 ; 0.2
scheduling2-f2 ; 50 ; 0.32
scheduling2-f2 ; 50 ; 0.18
scheduling2-f2 ; 50 ; 0.2
scheduling2-f2 ; 50 ; 0.04
scheduling2-f2 ; 50 ; 0.16
scheduling2-f2 ; 50 ; 0.16
scheduling2-f2 ; 50 ; 0.16
scheduling2-f2 ; 50 ; 0.16
scheduling2-f2 ; 50 ; 0.32
scheduling2-f2 ; 50 ; 0.24
scheduling2-f2 ; 50 ; 0.12
scheduling2-f2 ; 50 ; 0.1
scheduling2-f2 ; 50 ; 0.24
scheduling2-f2 ; 50 ; 0.16
scheduling2-f2 ; 50 ; 0.3
scheduling2-f2 ; 50 ; 0.24
scheduling2-f2 ; 50 ; 0.32
scheduling2-f2 ; 50 ; 0.3
scheduling2-f2 ; 50 ; 0.34
scheduling2-f2 ; 50 ; 0.24
scheduling2-f2 ; 50 ; 0.28
scheduling2-f2 ; 50 ; 0.06
scheduling2-f2 ; 50 ; 0.22
scheduling2-f2 ; 50 ; 0.28
scheduling2-f2 ; 50 ; 0.34
scheduling2-f2 ; 50 ; 0.56
scheduling2-f2 ; 50 ; 0.26
scheduling2-f2 ; 50 ; 0.06
scheduling2-f2 ; 50 ; 0.12
scheduling2-f2 ; 50 ; 0.32
scheduling2-f2 ; 50 ; 0.3
scheduling2-f2 ; 50 ; 0.1
scheduling2-f2 ; 50 ; 0.14
scheduling2-f2 ; 50 ; 0.1
scheduling2-f2 ; 50 ; 0.14
scheduling2-f2 ; 50 ; 0.6
scheduling2-f2 ; 50 ; 0.46
scheduling2-f2 ; 50 ; 0.2
scheduling2-f2 ; 50 ; 0.28
scheduling2-f2 ; 50 ; 0.2
scheduling2-f2 ; 50 ; 0.64
scheduling2-f2 ; 50 ; 0.48
scheduling2-f2 ; 50 ; 0.36
scheduling2-f2 ; 50 ; 0.3
scheduling2-f2 ; 50 ; 0.12
scheduling2-f2 ; 50 ; 0.06
scheduling2-f2 ; 50 ; 0.14
scheduling2-f2 ; 50 ; 0.14
scheduling2-f2 ; 50 ; 0.14
scheduling2-f2 ; 50 ; 0.06
scheduling2-f2 ; 50 ; 0.34
scheduling2-f2 ; 50 ; 0.12
scheduling2-f2 ; 50 ; 0.04
scheduling2-f2 ; 50 ; 0.2
scheduling2-f2 ; 50 ; 0.16
scheduling2-f2 ; 50 ; 0.38
scheduling2-f2 ; 50 ; 0.16
scheduling2-f2 ; 50 ; 0.22
scheduling2-f2 ; 50 ; 0.22
scheduling2-f2 ; 50 ; 0.42
scheduling2-f2 ; 50 ; 0.2
scheduling2-f2 ; 50 ; 0.22
scheduling2-f2 ; 50 ; 0.22
scheduling2-f2 ; 50 ; 0.28
scheduling2-f2 ; 50 ; 0.06
scheduling2-f2 ; 50 ; 0.56
scheduling2-f2 ; 50 ; 0.1
scheduling2-f2 ; 50 ; 0.16
scheduling2-f2 ; 50 ; 0.1
scheduling2-f2 ; 50 ; 0.3
scheduling2-f2 ; 50 ; 0.24
scheduling2-f2 ; 50 ; 0.1
scheduling2-f2 ; 50 ; 0.26
scheduling2-f2 ; 50 ; 0.3
scheduling2-f2 ; 50 ; 0.38
scheduling2-f2 ; 50 ; 0.2
scheduling2-f2 ; 50 ; 0.26
scheduling2-f2 ; 50 ; 0.26
scheduling2-f2 ; 50 ; 0.04
scheduling2-f2 ; 50 ; 0.08
scheduling2-f2 ; 50 ; 0.24
scheduling2-f2 ; 50 ; 0.26
scheduling2-f2 ; 50 ; 0.06
scheduling2-f2 ; 50 ; 0.38
scheduling2-f2 ; 50 ; 0.56
scheduling2-f2 ; 50 ; 0.42
scheduling2-f2 ; 50 ; 0.1
